backend,executor,solver-p,solver-U,preconditioner,number_of_iterations,resolution,processes,run_time,success
OF,reference,CG,BiCGStab,none,0,8,1,0.116335,1
OF,reference,CG,BiCGStab,none,0,8,1,0.114454,1
OF,reference,CG,BiCGStab,none,0,8,1,0.121173,1
OF,reference,CG,BiCGStab,none,0,8,1,0.121065,1
OF,reference,CG,BiCGStab,none,0,8,1,0.11299,1
OF,reference,CG,BiCGStab,none,0,8,1,0.11415,1
OF,reference,CG,BiCGStab,none,0,8,1,0.110488,1
OF,reference,CG,BiCGStab,none,0,8,1,0.118235,1
OF,reference,CG,BiCGStab,none,0,8,1,0.118607,1
OF,reference,CG,BiCGStab,none,0,8,1,0.114272,1
OF,reference,CG,BiCGStab,none,0,8,1,0.113371,1
OF,reference,CG,BiCGStab,none,0,8,1,0.112481,1
OF,reference,CG,BiCGStab,none,0,8,1,0.111678,1
OF,reference,CG,BiCGStab,none,0,8,1,0.11479,1
OF,reference,CG,BiCGStab,none,0,8,1,0.117213,1
OF,reference,CG,BiCGStab,none,0,8,1,0.118565,1
OF,reference,CG,BiCGStab,none,0,8,1,0.116931,1
OF,reference,CG,BiCGStab,none,0,8,1,0.112778,1
OF,reference,CG,BiCGStab,none,0,8,1,0.113731,1
OF,reference,CG,BiCGStab,none,0,8,1,0.111028,1
OF,reference,CG,BiCGStab,none,0,8,1,0.113539,1
OF,reference,CG,BiCGStab,none,0,8,1,0.114561,1
OF,reference,CG,BiCGStab,none,0,8,1,0.11254,1
OF,reference,CG,BiCGStab,none,0,8,1,0.110723,1
OF,reference,CG,BiCGStab,none,0,8,1,0.118321,1
OF,reference,CG,BiCGStab,none,0,8,1,0.118721,1
OF,reference,CG,BiCGStab,none,0,8,1,0.119277,1
OF,reference,CG,BiCGStab,none,0,8,1,0.118211,1
OF,reference,CG,BiCGStab,none,0,8,1,0.113253,1
OF,reference,CG,BiCGStab,none,0,8,1,0.115852,1
OF,reference,CG,BiCGStab,none,0,8,1,0.120718,1
OF,reference,CG,BiCGStab,none,0,8,1,0.118863,1
OF,reference,CG,BiCGStab,none,0,8,1,0.111379,1
OF,reference,CG,BiCGStab,none,0,8,1,0.114665,1
OF,reference,CG,BiCGStab,none,0,8,1,0.118583,1
OF,reference,CG,BiCGStab,none,0,8,1,0.12126,1
OF,reference,CG,BiCGStab,none,0,8,1,0.114759,1
OF,reference,CG,BiCGStab,none,0,8,1,0.114318,1
OF,reference,CG,BiCGStab,none,0,8,1,0.113158,1
OF,reference,CG,BiCGStab,none,0,8,1,0.119167,1
OF,reference,CG,BiCGStab,none,0,8,1,0.121488,1
OF,reference,CG,BiCGStab,none,0,8,1,0.115181,1
OF,reference,CG,BiCGStab,none,0,8,1,0.113873,1
OF,reference,CG,BiCGStab,none,0,8,1,0.124298,1
OF,reference,CG,BiCGStab,none,0,8,1,0.11304,1
OF,reference,CG,BiCGStab,none,0,8,1,0.113486,1
OF,reference,CG,BiCGStab,none,0,8,1,0.117729,1
OF,reference,CG,BiCGStab,none,0,8,1,0.120474,1
OF,reference,CG,BiCGStab,none,0,8,1,0.11508,1
OF,reference,CG,BiCGStab,none,0,8,1,0.110909,1
OF,reference,CG,BiCGStab,none,0,8,1,0.111861,1
OF,reference,CG,BiCGStab,none,0,8,1,0.112129,1
OF,reference,CG,BiCGStab,none,0,8,1,0.111744,1
OF,reference,CG,BiCGStab,none,0,8,1,0.114271,1
OF,reference,CG,BiCGStab,none,0,8,1,0.114481,1
OF,reference,CG,BiCGStab,none,0,8,1,0.110191,1
OF,reference,CG,BiCGStab,none,0,8,1,0.120907,1
OF,reference,CG,BiCGStab,none,0,8,1,0.120347,1
OF,reference,CG,BiCGStab,none,0,8,1,0.11775,1
OF,reference,CG,BiCGStab,none,0,8,1,0.118241,1
OF,reference,CG,BiCGStab,none,0,8,1,0.114957,1
OF,reference,CG,BiCGStab,none,0,8,1,0.114347,1
OF,reference,CG,BiCGStab,none,0,8,1,0.118915,1
OF,reference,CG,BiCGStab,none,0,8,1,0.118001,1
OF,reference,CG,BiCGStab,none,0,8,1,0.113194,1
OF,reference,CG,BiCGStab,none,0,8,1,0.112235,1
OF,reference,CG,BiCGStab,none,0,8,1,0.117979,1
OF,reference,CG,BiCGStab,none,0,8,1,0.11666,1
OF,reference,CG,BiCGStab,none,0,8,1,0.113156,1
OF,reference,CG,BiCGStab,none,0,8,1,0.113151,1
OF,reference,CG,BiCGStab,none,0,8,1,0.113678,1
OF,reference,CG,BiCGStab,none,0,8,1,0.118584,1
OF,reference,CG,BiCGStab,none,0,8,1,0.120608,1
OF,reference,CG,BiCGStab,none,0,8,1,0.117655,1
OF,reference,CG,BiCGStab,none,0,8,1,0.115402,1
OF,reference,CG,BiCGStab,none,0,8,1,0.112788,1
OF,reference,CG,BiCGStab,none,0,8,1,0.114013,1
OF,reference,CG,BiCGStab,none,0,8,1,0.114722,1
OF,reference,CG,BiCGStab,none,0,8,1,0.121025,1
OF,reference,CG,BiCGStab,none,0,8,1,0.117548,1
OF,reference,CG,BiCGStab,none,0,8,1,0.115032,1
OF,reference,CG,BiCGStab,none,0,8,1,0.114734,1
OF,reference,CG,BiCGStab,none,0,8,1,0.111523,1
OF,reference,CG,BiCGStab,none,0,8,1,0.115013,1
OF,reference,CG,BiCGStab,none,0,8,1,0.116575,1
OF,reference,CG,BiCGStab,none,0,8,1,0.111344,1
OF,reference,CG,BiCGStab,none,0,8,1,0.114427,1
OF,reference,CG,BiCGStab,none,0,8,1,0.113129,1
OF,reference,CG,BiCGStab,none,0,8,1,0.119115,1
OF,reference,CG,BiCGStab,none,0,8,1,0.117916,1
OF,reference,CG,BiCGStab,none,0,8,1,0.11963,1
OF,reference,CG,BiCGStab,none,0,8,1,0.118392,1
OF,reference,CG,BiCGStab,none,0,8,1,0.112076,1
OF,reference,CG,BiCGStab,none,0,8,1,0.114688,1
OF,reference,CG,BiCGStab,none,0,8,1,0.118127,1
OF,reference,CG,BiCGStab,none,0,8,1,0.12051,1
OF,reference,CG,BiCGStab,none,0,8,1,0.112225,1
OF,reference,CG,BiCGStab,none,0,8,1,0.113502,1
OF,reference,CG,BiCGStab,none,0,8,1,0.11748,1
OF,reference,CG,BiCGStab,none,0,8,1,0.119106,1
OF,reference,CG,BiCGStab,none,0,8,1,0.115043,1
OF,reference,CG,BiCGStab,none,0,8,1,0.112477,1
OF,reference,CG,BiCGStab,none,0,8,1,0.11403,1
OF,reference,CG,BiCGStab,none,0,8,1,0.121116,1
OF,reference,CG,BiCGStab,none,0,8,1,0.120125,1
OF,reference,CG,BiCGStab,none,0,8,1,0.116613,1
OF,reference,CG,BiCGStab,none,0,8,1,0.114068,1
OF,reference,CG,BiCGStab,none,0,8,1,0.112456,1
OF,reference,CG,BiCGStab,none,0,8,1,0.111793,1
OF,reference,CG,BiCGStab,none,0,8,1,0.111607,1
OF,reference,CG,BiCGStab,none,0,8,1,0.120086,1
OF,reference,CG,BiCGStab,none,0,8,1,0.117649,1
OF,reference,CG,BiCGStab,none,0,8,1,0.113172,1
OF,reference,CG,BiCGStab,none,0,8,1,0.115414,1
OF,reference,CG,BiCGStab,none,0,8,1,0.111188,1
OF,reference,CG,BiCGStab,none,0,8,1,0.11334,1
OF,reference,CG,BiCGStab,none,0,8,1,0.115045,1
OF,reference,CG,BiCGStab,none,0,8,1,0.111945,1
OF,reference,CG,BiCGStab,none,0,8,1,0.115495,1
OF,reference,CG,BiCGStab,none,0,8,1,0.11355,1
OF,reference,CG,BiCGStab,none,0,8,1,0.117825,1
OF,reference,CG,BiCGStab,none,0,8,1,0.119763,1
OF,reference,CG,BiCGStab,none,0,8,1,0.119121,1
OF,reference,CG,BiCGStab,none,0,8,1,0.11789,1
OF,reference,CG,BiCGStab,none,0,8,1,0.115244,1
OF,reference,CG,BiCGStab,none,0,8,1,0.113396,1
OF,reference,CG,BiCGStab,none,0,8,1,0.119794,1
OF,reference,CG,BiCGStab,none,0,8,1,0.118815,1
OF,reference,CG,BiCGStab,none,0,8,1,0.114984,1
OF,reference,CG,BiCGStab,none,0,8,1,0.113486,1
OF,reference,CG,BiCGStab,none,0,8,1,0.119568,1
OF,reference,CG,BiCGStab,none,0,8,1,0.121041,1
OF,reference,CG,BiCGStab,none,0,8,1,0.115628,1
OF,reference,CG,BiCGStab,none,0,8,1,0.113047,1
OF,reference,CG,BiCGStab,none,0,8,1,0.112822,1
OF,reference,CG,BiCGStab,none,0,8,1,0.116856,1
OF,reference,CG,BiCGStab,none,0,8,1,0.123317,1
OF,reference,CG,BiCGStab,none,0,8,1,0.114724,1
OF,reference,CG,BiCGStab,none,0,8,1,0.11274,1
OF,reference,CG,BiCGStab,none,0,8,1,0.11224,1
OF,reference,CG,BiCGStab,none,0,8,1,0.111772,1
OF,reference,CG,BiCGStab,none,0,8,1,0.114678,1
OF,reference,CG,BiCGStab,none,0,8,1,0.121053,1
OF,reference,CG,BiCGStab,none,0,8,1,0.119977,1
OF,reference,CG,BiCGStab,none,0,8,1,0.113995,1
OF,reference,CG,BiCGStab,none,0,8,1,0.114465,1
OF,reference,CG,BiCGStab,none,0,8,1,0.113813,1
OF,reference,CG,BiCGStab,none,0,8,1,0.114128,1
OF,reference,CG,BiCGStab,none,0,8,1,0.113934,1
OF,reference,CG,BiCGStab,none,0,8,1,0.113242,1
OF,reference,CG,BiCGStab,none,0,8,1,0.112942,1
OF,reference,CG,BiCGStab,none,0,8,1,0.116537,1
OF,reference,CG,BiCGStab,none,0,8,1,0.11897,1
OF,reference,CG,BiCGStab,none,0,8,1,0.118052,1
OF,reference,CG,BiCGStab,none,0,8,1,0.120631,1
OF,reference,CG,BiCGStab,none,0,8,1,0.118909,1
OF,reference,CG,BiCGStab,none,0,8,1,0.111791,1
OF,reference,CG,BiCGStab,none,0,8,1,0.114897,1
OF,reference,CG,BiCGStab,none,0,8,1,0.119312,1
OF,reference,CG,BiCGStab,none,0,8,1,0.11831,1
OF,reference,CG,BiCGStab,none,0,8,1,0.112992,1
OF,reference,CG,BiCGStab,none,0,8,1,0.114586,1
OF,reference,CG,BiCGStab,none,0,8,1,0.121867,1
OF,reference,CG,BiCGStab,none,0,8,1,0.11792,1
OF,reference,CG,BiCGStab,none,0,8,1,0.115267,1
OF,reference,CG,BiCGStab,none,0,8,1,0.114402,1
OF,reference,CG,BiCGStab,none,0,8,1,0.1154,1
OF,reference,CG,BiCGStab,none,0,8,1,0.117928,1
OF,reference,CG,BiCGStab,none,0,8,1,0.120583,1
OF,reference,CG,BiCGStab,none,0,8,1,0.112777,1
OF,reference,CG,BiCGStab,none,0,8,1,0.112394,1
OF,reference,CG,BiCGStab,none,0,8,1,0.112447,1
OF,reference,CG,BiCGStab,none,0,8,1,0.112887,1
OF,reference,CG,BiCGStab,none,0,8,1,0.119305,1
OF,reference,CG,BiCGStab,none,0,8,1,0.121628,1
OF,reference,CG,BiCGStab,none,0,8,1,0.118933,1
OF,reference,CG,BiCGStab,none,0,8,1,0.114479,1
OF,reference,CG,BiCGStab,none,0,8,1,0.113841,1
OF,reference,CG,BiCGStab,none,0,8,1,0.113592,1
OF,reference,CG,BiCGStab,none,0,8,1,0.114075,1
OF,reference,CG,BiCGStab,none,0,8,1,0.113828,1
OF,reference,CG,BiCGStab,none,0,8,1,0.11146,1
OF,reference,CG,BiCGStab,none,0,8,1,0.112884,1
OF,reference,CG,BiCGStab,none,0,8,1,0.112662,1
OF,reference,CG,BiCGStab,none,0,8,1,0.12255,1
OF,reference,CG,BiCGStab,none,0,8,1,0.118393,1
OF,reference,CG,BiCGStab,none,0,8,1,0.119421,1
OF,reference,CG,BiCGStab,none,0,8,1,0.118632,1
OF,reference,CG,BiCGStab,none,0,8,1,0.114634,1
OF,reference,CG,BiCGStab,none,0,8,1,0.115091,1
OF,reference,CG,BiCGStab,none,0,8,1,0.117246,1
OF,reference,CG,BiCGStab,none,0,8,1,0.12259,1
OF,reference,CG,BiCGStab,none,0,8,1,0.111864,1
OF,reference,CG,BiCGStab,none,0,8,1,0.113153,1
OF,reference,CG,BiCGStab,none,0,8,1,0.118379,1
OF,reference,CG,BiCGStab,none,0,8,1,0.120068,1
OF,reference,CG,BiCGStab,none,0,8,1,0.113786,1
OF,reference,CG,BiCGStab,none,0,8,1,0.112617,1
OF,reference,CG,BiCGStab,none,0,8,1,0.114347,1
OF,reference,CG,BiCGStab,none,0,8,1,0.119907,1
OF,reference,CG,BiCGStab,none,0,8,1,0.121175,1
OF,reference,CG,BiCGStab,none,0,8,1,0.114774,1
OF,reference,CG,BiCGStab,none,0,8,1,0.114905,1
OF,reference,CG,BiCGStab,none,0,8,1,0.113038,1
OF,reference,CG,BiCGStab,none,0,8,1,0.114862,1
OF,reference,CG,BiCGStab,none,0,8,1,0.115027,1
OF,reference,CG,BiCGStab,none,0,8,1,0.120014,1
OF,reference,CG,BiCGStab,none,0,8,1,0.118107,1
OF,reference,CG,BiCGStab,none,0,8,1,0.114509,1
OF,reference,CG,BiCGStab,none,0,8,1,0.111844,1
OF,reference,CG,BiCGStab,none,0,8,1,0.114543,1
OF,reference,CG,BiCGStab,none,0,8,1,0.113759,1
OF,reference,CG,BiCGStab,none,0,8,1,0.114021,1
OF,reference,CG,BiCGStab,none,0,8,1,0.113741,1
OF,reference,CG,BiCGStab,none,0,8,1,0.117689,1
OF,reference,CG,BiCGStab,none,0,8,1,0.121333,1
OF,reference,CG,BiCGStab,none,0,8,1,0.12166,1
OF,reference,CG,BiCGStab,none,0,8,1,0.120066,1
OF,reference,CG,BiCGStab,none,0,8,1,0.120762,1
OF,reference,CG,BiCGStab,none,0,8,1,0.111981,1
OF,reference,CG,BiCGStab,none,0,8,1,0.112633,1
OF,reference,CG,BiCGStab,none,0,8,1,0.118912,1
OF,reference,CG,BiCGStab,none,0,8,1,0.117259,1
OF,reference,CG,BiCGStab,none,0,8,1,0.112294,1
OF,reference,CG,BiCGStab,none,0,8,1,0.112999,1
OF,reference,CG,BiCGStab,none,0,8,1,0.123129,1
OF,reference,CG,BiCGStab,none,0,8,1,0.119059,1
OF,reference,CG,BiCGStab,none,0,8,1,0.115297,1
OF,reference,CG,BiCGStab,none,0,8,1,0.112851,1
OF,reference,CG,BiCGStab,none,0,8,1,0.114822,1
OF,reference,CG,BiCGStab,none,0,8,1,0.122057,1
OF,reference,CG,BiCGStab,none,0,8,1,0.11694,1
OF,reference,CG,BiCGStab,none,0,8,1,0.112505,1
OF,reference,CG,BiCGStab,none,0,8,1,0.113485,1
OF,reference,CG,BiCGStab,none,0,8,1,0.112368,1
OF,reference,CG,BiCGStab,none,0,8,1,0.112732,1
OF,reference,CG,BiCGStab,none,0,8,1,0.110906,1
OF,reference,CG,BiCGStab,none,0,8,1,0.117074,1
OF,reference,CG,BiCGStab,none,0,8,1,0.121525,1
OF,reference,CG,BiCGStab,none,0,8,1,0.110573,1
OF,reference,CG,BiCGStab,none,0,8,1,0.113619,1
OF,reference,CG,BiCGStab,none,0,8,1,0.114269,1
OF,reference,CG,BiCGStab,none,0,8,1,0.113259,1
OF,reference,CG,BiCGStab,none,0,8,1,0.114493,1
OF,reference,CG,BiCGStab,none,0,8,1,0.114573,1
OF,reference,CG,BiCGStab,none,0,8,1,0.114886,1
OF,reference,CG,BiCGStab,none,0,8,1,0.112781,1
OF,reference,CG,BiCGStab,none,0,8,1,0.118709,1
OF,reference,CG,BiCGStab,none,0,8,1,0.121499,1
OF,reference,CG,BiCGStab,none,0,8,1,0.119194,1
OF,reference,CG,BiCGStab,none,0,8,1,0.119305,1
OF,reference,CG,BiCGStab,none,0,8,1,0.112987,1
OF,reference,CG,BiCGStab,none,0,8,1,0.11373,1
OF,reference,CG,BiCGStab,none,0,8,1,0.120447,1
OF,reference,CG,BiCGStab,none,0,8,1,0.116976,1
OF,reference,CG,BiCGStab,none,0,8,1,0.112056,1
OF,reference,CG,BiCGStab,none,0,8,1,0.111388,1
OF,reference,CG,BiCGStab,none,0,8,1,0.1171,1
OF,reference,CG,BiCGStab,none,0,8,1,0.116856,1
OF,reference,CG,BiCGStab,none,0,8,1,0.115805,1
OF,reference,CG,BiCGStab,none,0,8,1,0.113029,1
OF,reference,CG,BiCGStab,none,0,8,1,0.111226,1
OF,reference,CG,BiCGStab,none,0,8,1,0.118762,1
OF,reference,CG,BiCGStab,none,0,8,1,0.118928,1
OF,reference,CG,BiCGStab,none,0,8,1,0.113452,1
OF,reference,CG,BiCGStab,none,0,8,1,0.114965,1
OF,reference,CG,BiCGStab,none,0,8,1,0.112493,1
OF,reference,CG,BiCGStab,none,0,8,1,0.114814,1
OF,reference,CG,BiCGStab,none,0,8,1,0.112955,1
OF,reference,CG,BiCGStab,none,0,8,1,0.118454,1
OF,reference,CG,BiCGStab,none,0,8,1,0.116548,1
OF,reference,CG,BiCGStab,none,0,8,1,0.11356,1
OF,reference,CG,BiCGStab,none,0,8,1,0.111207,1
OF,reference,CG,BiCGStab,none,0,8,1,0.11379,1
OF,reference,CG,BiCGStab,none,0,8,1,0.113217,1
OF,reference,CG,BiCGStab,none,0,8,1,0.111318,1
OF,reference,CG,BiCGStab,none,0,8,1,0.113494,1
OF,reference,CG,BiCGStab,none,0,8,1,0.114799,1
OF,reference,CG,BiCGStab,none,0,8,1,0.111688,1
OF,reference,CG,BiCGStab,none,0,8,1,0.120715,1
OF,reference,CG,BiCGStab,none,0,8,1,0.122061,1
OF,reference,CG,BiCGStab,none,0,8,1,0.119906,1
OF,reference,CG,BiCGStab,none,0,8,1,0.119077,1
OF,reference,CG,BiCGStab,none,0,8,1,0.11281,1
OF,reference,CG,BiCGStab,none,0,8,1,0.114294,1
OF,reference,CG,BiCGStab,none,0,8,1,0.120258,1
OF,reference,CG,BiCGStab,none,0,8,1,0.118387,1
OF,reference,CG,BiCGStab,none,0,8,1,0.111346,1
OF,reference,CG,BiCGStab,none,0,8,1,0.113153,1
OF,reference,CG,BiCGStab,none,0,8,1,0.120749,1
OF,reference,CG,BiCGStab,none,0,8,1,0.116924,1
OF,reference,CG,BiCGStab,none,0,8,1,0.114874,1
OF,reference,CG,BiCGStab,none,0,8,1,0.113489,1
OF,reference,CG,BiCGStab,none,0,8,1,0.114524,1
OF,reference,CG,BiCGStab,none,0,8,1,0.122115,1
OF,reference,CG,BiCGStab,none,0,8,1,0.116895,1
OF,reference,CG,BiCGStab,none,0,8,1,0.114028,1
OF,reference,CG,BiCGStab,none,0,8,1,0.114992,1
OF,reference,CG,BiCGStab,none,0,8,1,0.114926,1
OF,reference,CG,BiCGStab,none,0,8,1,0.114253,1
OF,reference,CG,BiCGStab,none,0,8,1,0.113187,1
OF,reference,CG,BiCGStab,none,0,8,1,0.117324,1
OF,reference,CG,BiCGStab,none,0,8,1,0.130212,1
OF,reference,CG,BiCGStab,none,0,8,1,0.110851,1
OF,reference,CG,BiCGStab,none,0,8,1,0.112103,1
OF,reference,CG,BiCGStab,none,0,8,1,0.110818,1
OF,reference,CG,BiCGStab,none,0,8,1,0.114191,1
OF,reference,CG,BiCGStab,none,0,8,1,0.114728,1
OF,reference,CG,BiCGStab,none,0,8,1,0.111728,1
OF,reference,CG,BiCGStab,none,0,8,1,0.114264,1
OF,reference,CG,BiCGStab,none,0,8,1,0.111166,1
OF,reference,CG,BiCGStab,none,0,8,1,0.119661,1
OF,reference,CG,BiCGStab,none,0,8,1,0.118355,1
OF,reference,CG,BiCGStab,none,0,8,1,0.122672,1
OF,reference,CG,BiCGStab,none,0,8,1,0.117517,1
OF,reference,CG,BiCGStab,none,0,8,1,0.113224,1
OF,reference,CG,BiCGStab,none,0,8,1,0.110595,1
OF,reference,CG,BiCGStab,none,0,8,1,0.124063,1
OF,reference,CG,BiCGStab,none,0,8,1,0.119279,1
OF,reference,CG,BiCGStab,none,0,8,1,0.11149,1
OF,reference,CG,BiCGStab,none,0,8,1,0.112139,1
OF,reference,CG,BiCGStab,none,0,8,1,0.117799,1
OF,reference,CG,BiCGStab,none,0,8,1,0.119622,1
OF,reference,CG,BiCGStab,none,0,8,1,0.112838,1
OF,reference,CG,BiCGStab,none,0,8,1,0.113589,1
OF,reference,CG,BiCGStab,none,0,8,1,0.110076,1
OF,reference,CG,BiCGStab,none,0,8,1,0.117608,1
OF,reference,CG,BiCGStab,none,0,8,1,0.115924,1
OF,reference,CG,BiCGStab,none,0,8,1,0.113691,1
OF,reference,CG,BiCGStab,none,0,8,1,0.115752,1
OF,reference,CG,BiCGStab,none,0,8,1,0.112369,1
OF,reference,CG,BiCGStab,none,0,8,1,0.114221,1
OF,reference,CG,BiCGStab,none,0,8,1,0.113811,1
OF,reference,CG,BiCGStab,none,0,8,1,0.11823,1
OF,reference,CG,BiCGStab,none,0,8,1,0.118784,1
OF,reference,CG,BiCGStab,none,0,8,1,0.111516,1
OF,reference,CG,BiCGStab,none,0,8,1,0.111422,1
OF,reference,CG,BiCGStab,none,0,8,1,0.111596,1
OF,reference,CG,BiCGStab,none,0,8,1,0.113313,1
OF,reference,CG,BiCGStab,none,0,8,1,0.112118,1
OF,reference,CG,BiCGStab,none,0,8,1,0.112851,1
OF,reference,CG,BiCGStab,none,0,8,1,0.114483,1
OF,reference,CG,BiCGStab,none,0,8,1,0.124144,1
OF,reference,CG,BiCGStab,none,0,8,1,0.121876,1
OF,reference,CG,BiCGStab,none,0,8,1,0.112188,1
OF,reference,CG,BiCGStab,none,0,8,1,0.117328,1
OF,reference,CG,BiCGStab,none,0,8,1,0.119586,1
OF,reference,CG,BiCGStab,none,0,8,1,0.119205,1
OF,reference,CG,BiCGStab,none,0,8,1,0.112117,1
OF,reference,CG,BiCGStab,none,0,8,1,0.115644,1
OF,reference,CG,BiCGStab,none,0,8,1,0.120303,1
OF,reference,CG,BiCGStab,none,0,8,1,0.119336,1
OF,reference,CG,BiCGStab,none,0,8,1,0.111012,1
OF,reference,CG,BiCGStab,none,0,8,1,0.111208,1
OF,reference,CG,BiCGStab,none,0,8,1,0.113141,1
OF,reference,CG,BiCGStab,none,0,8,1,0.118599,1
OF,reference,CG,BiCGStab,none,0,8,1,0.119644,1
OF,reference,CG,BiCGStab,none,0,8,1,0.11288,1
OF,reference,CG,BiCGStab,none,0,8,1,0.112703,1
OF,reference,CG,BiCGStab,none,0,8,1,0.111768,1
OF,reference,CG,BiCGStab,none,0,8,1,0.114557,1
OF,reference,CG,BiCGStab,none,0,8,1,0.11358,1
OF,reference,CG,BiCGStab,none,0,8,1,0.120604,1
OF,reference,CG,BiCGStab,none,0,8,1,0.118446,1
OF,reference,CG,BiCGStab,none,0,8,1,0.11252,1
OF,reference,CG,BiCGStab,none,0,8,1,0.114399,1
OF,reference,CG,BiCGStab,none,0,8,1,0.111438,1
OF,reference,CG,BiCGStab,none,0,8,1,0.113677,1
OF,reference,CG,BiCGStab,none,0,8,1,0.111911,1
OF,reference,CG,BiCGStab,none,0,8,1,0.110982,1
OF,reference,CG,BiCGStab,none,0,8,1,0.115964,1
OF,reference,CG,BiCGStab,none,0,8,1,0.111906,1
OF,reference,CG,BiCGStab,none,0,8,1,0.12201,1
OF,reference,CG,BiCGStab,none,0,8,1,0.11919,1
OF,reference,CG,BiCGStab,none,0,8,1,0.122129,1
OF,reference,CG,BiCGStab,none,0,8,1,0.122154,1
OF,reference,CG,BiCGStab,none,0,8,1,0.113985,1
OF,reference,CG,BiCGStab,none,0,8,1,0.112971,1
OF,reference,CG,BiCGStab,none,0,8,1,0.117411,1
OF,reference,CG,BiCGStab,none,0,8,1,0.12044,1
OF,reference,CG,BiCGStab,none,0,8,1,0.112673,1
OF,reference,CG,BiCGStab,none,0,8,1,0.114253,1
OF,reference,CG,BiCGStab,none,0,8,1,0.118548,1
OF,reference,CG,BiCGStab,none,0,8,1,0.118647,1
OF,reference,CG,BiCGStab,none,0,8,1,0.113758,1
OF,reference,CG,BiCGStab,none,0,8,1,0.111713,1
OF,reference,CG,BiCGStab,none,0,8,1,0.110772,1
OF,reference,CG,BiCGStab,none,0,8,1,0.111445,1
OF,reference,CG,BiCGStab,none,0,8,1,0.126988,1
OF,reference,CG,BiCGStab,none,0,8,1,0.11066,1
OF,reference,CG,BiCGStab,none,0,8,1,0.112616,1
OF,reference,CG,BiCGStab,none,0,8,1,0.11326,1
OF,reference,CG,BiCGStab,none,0,8,1,0.114528,1
OF,reference,CG,BiCGStab,none,0,8,1,0.109802,1
OF,reference,CG,BiCGStab,none,0,8,1,0.119114,1
OF,reference,CG,BiCGStab,none,0,8,1,0.123592,1
OF,reference,CG,BiCGStab,none,0,8,1,0.113182,1
OF,reference,CG,BiCGStab,none,0,8,1,0.111936,1
OF,reference,CG,BiCGStab,none,0,8,1,0.111892,1
OF,reference,CG,BiCGStab,none,0,8,1,0.111763,1
OF,reference,CG,BiCGStab,none,0,8,1,0.110798,1
OF,reference,CG,BiCGStab,none,0,8,1,0.113772,1
OF,reference,CG,BiCGStab,none,0,8,1,0.115002,1
OF,reference,CG,BiCGStab,none,0,8,1,0.112473,1
OF,reference,CG,BiCGStab,none,0,8,1,0.117908,1
OF,reference,CG,BiCGStab,none,0,8,1,0.12092,1
OF,reference,CG,BiCGStab,none,0,8,1,0.120449,1
OF,reference,CG,BiCGStab,none,0,8,1,0.118489,1
OF,reference,CG,BiCGStab,none,0,8,1,0.112747,1
OF,reference,CG,BiCGStab,none,0,8,1,0.110609,1
OF,reference,CG,BiCGStab,none,0,8,1,0.122564,1
OF,reference,CG,BiCGStab,none,0,8,1,0.11866,1
OF,reference,CG,BiCGStab,none,0,8,1,0.112073,1
OF,reference,CG,BiCGStab,none,0,8,1,0.11335,1
OF,reference,CG,BiCGStab,none,0,8,1,0.11874,1
OF,reference,CG,BiCGStab,none,0,8,1,0.120923,1
OF,reference,CG,BiCGStab,none,0,8,1,0.113842,1
OF,reference,CG,BiCGStab,none,0,8,1,0.112186,1
OF,reference,CG,BiCGStab,none,0,8,1,0.112922,1
OF,reference,CG,BiCGStab,none,0,8,1,0.114461,1
OF,reference,CG,BiCGStab,none,0,8,1,0.11443,1
OF,reference,CG,BiCGStab,none,0,8,1,0.110326,1
OF,reference,CG,BiCGStab,none,0,8,1,0.115454,1
OF,reference,CG,BiCGStab,none,0,8,1,0.111893,1
OF,reference,CG,BiCGStab,none,0,8,1,0.111437,1
OF,reference,CG,BiCGStab,none,0,8,1,0.113244,1
OF,reference,CG,BiCGStab,none,0,8,1,0.117354,1
OF,reference,CG,BiCGStab,none,0,8,1,0.117317,1
OF,reference,CG,BiCGStab,none,0,8,1,0.116031,1
OF,reference,CG,BiCGStab,none,0,8,1,0.109567,1
OF,reference,CG,BiCGStab,none,0,8,1,0.112275,1
OF,reference,CG,BiCGStab,none,0,8,1,0.112742,1
OF,reference,CG,BiCGStab,none,0,8,1,0.113011,1
OF,reference,CG,BiCGStab,none,0,8,1,0.115534,1
OF,reference,CG,BiCGStab,none,0,8,1,0.116549,1
OF,reference,CG,BiCGStab,none,0,8,1,0.111493,1
OF,reference,CG,BiCGStab,none,0,8,1,0.120065,1
OF,reference,CG,BiCGStab,none,0,8,1,0.120503,1
OF,reference,CG,BiCGStab,none,0,8,1,0.120888,1
OF,reference,CG,BiCGStab,none,0,8,1,0.118403,1
OF,reference,CG,BiCGStab,none,0,8,1,0.112461,1
OF,reference,CG,BiCGStab,none,0,8,1,0.113942,1
OF,reference,CG,BiCGStab,none,0,8,1,0.120167,1
OF,reference,CG,BiCGStab,none,0,8,1,0.120332,1
OF,reference,CG,BiCGStab,none,0,8,1,0.111659,1
OF,reference,CG,BiCGStab,none,0,8,1,0.112524,1
OF,reference,CG,BiCGStab,none,0,8,1,0.119626,1
OF,reference,CG,BiCGStab,none,0,8,1,0.117553,1
OF,reference,CG,BiCGStab,none,0,8,1,0.113897,1
OF,reference,CG,BiCGStab,none,0,8,1,0.113769,1
OF,reference,CG,BiCGStab,none,0,8,1,0.11044,1
OF,reference,CG,BiCGStab,none,0,8,1,0.117615,1
OF,reference,CG,BiCGStab,none,0,8,1,0.117451,1
OF,reference,CG,BiCGStab,none,0,8,1,0.115154,1
OF,reference,CG,BiCGStab,none,0,8,1,0.113254,1
OF,reference,CG,BiCGStab,none,0,8,1,0.110972,1
OF,reference,CG,BiCGStab,none,0,8,1,0.11465,1
OF,reference,CG,BiCGStab,none,0,8,1,0.112361,1
OF,reference,CG,BiCGStab,none,0,8,1,0.119116,1
OF,reference,CG,BiCGStab,none,0,8,1,0.11867,1
OF,reference,CG,BiCGStab,none,0,8,1,0.111462,1
OF,reference,CG,BiCGStab,none,0,8,1,0.113588,1
OF,reference,CG,BiCGStab,none,0,8,1,0.113361,1
OF,reference,CG,BiCGStab,none,0,8,1,0.112755,1
OF,reference,CG,BiCGStab,none,0,8,1,0.112713,1
OF,reference,CG,BiCGStab,none,0,8,1,0.112287,1
OF,reference,CG,BiCGStab,none,0,8,1,0.113822,1
OF,reference,CG,BiCGStab,none,0,8,1,0.11332,1
OF,reference,CG,BiCGStab,none,0,8,1,0.117908,1
OF,reference,CG,BiCGStab,none,0,8,1,0.123484,1
OF,reference,CG,BiCGStab,none,0,8,1,0.12091,1
OF,reference,CG,BiCGStab,none,0,8,1,0.120961,1
OF,reference,CG,BiCGStab,none,0,8,1,0.114717,1
OF,reference,CG,BiCGStab,none,0,8,1,0.112425,1
OF,reference,CG,BiCGStab,none,0,8,1,0.117382,1
OF,reference,CG,BiCGStab,none,0,8,1,0.116266,1
OF,reference,CG,BiCGStab,none,0,8,1,0.121429,1
OF,reference,CG,BiCGStab,none,0,8,1,0.120644,1
OF,reference,CG,BiCGStab,none,0,8,1,0.114982,1
OF,reference,CG,BiCGStab,none,0,8,1,0.11251,1
OF,reference,CG,BiCGStab,none,0,8,1,0.120801,1
OF,reference,CG,BiCGStab,none,0,8,1,0.117309,1
OF,reference,CG,BiCGStab,none,0,8,1,0.115739,1
OF,reference,CG,BiCGStab,none,0,8,1,0.114131,1
OF,reference,CG,BiCGStab,none,0,8,1,0.111822,1
OF,reference,CG,BiCGStab,none,0,8,1,0.115064,1
OF,reference,CG,BiCGStab,none,0,8,1,0.114063,1
OF,reference,CG,BiCGStab,none,0,8,1,0.122201,1
OF,reference,CG,BiCGStab,none,0,8,1,0.122465,1
OF,reference,CG,BiCGStab,none,0,8,1,0.113456,1
OF,reference,CG,BiCGStab,none,0,8,1,0.113156,1
OF,reference,CG,BiCGStab,none,0,8,1,0.113487,1
OF,reference,CG,BiCGStab,none,0,8,1,0.113878,1
OF,reference,CG,BiCGStab,none,0,8,1,0.112924,1
OF,reference,CG,BiCGStab,none,0,8,1,0.114696,1
OF,reference,CG,BiCGStab,none,0,8,1,0.112527,1
OF,reference,CG,BiCGStab,none,0,8,1,0.114635,1
OF,reference,CG,BiCGStab,none,0,8,1,0.119677,1
OF,reference,CG,BiCGStab,none,0,8,1,0.119103,1
OF,reference,CG,BiCGStab,none,0,8,1,0.119951,1
OF,reference,CG,BiCGStab,none,0,8,1,0.119824,1
OF,reference,CG,BiCGStab,none,0,8,1,0.112758,1
OF,reference,CG,BiCGStab,none,0,8,1,0.115011,1
OF,reference,CG,BiCGStab,none,0,8,1,0.120246,1
OF,reference,CG,BiCGStab,none,0,8,1,0.118676,1
OF,reference,CG,BiCGStab,none,0,8,1,0.110597,1
OF,reference,CG,BiCGStab,none,0,8,1,0.11352,1
OF,reference,CG,BiCGStab,none,0,8,1,0.120419,1
OF,reference,CG,BiCGStab,none,0,8,1,0.117453,1
OF,reference,CG,BiCGStab,none,0,8,1,0.112166,1
OF,reference,CG,BiCGStab,none,0,8,1,0.112011,1
OF,reference,CG,BiCGStab,none,0,8,1,0.111845,1
OF,reference,CG,BiCGStab,none,0,8,1,0.118717,1
OF,reference,CG,BiCGStab,none,0,8,1,0.119697,1
OF,reference,CG,BiCGStab,none,0,8,1,0.11682,1
OF,reference,CG,BiCGStab,none,0,8,1,0.115048,1
OF,reference,CG,BiCGStab,none,0,8,1,0.115889,1
OF,reference,CG,BiCGStab,none,0,8,1,0.113714,1
OF,reference,CG,BiCGStab,none,0,8,1,0.116593,1
OF,reference,BiCGStab,BiCGStab,none,0,8,1,0.126493,1
OF,reference,BiCGStab,BiCGStab,none,0,8,1,0.119857,1
OF,reference,BiCGStab,BiCGStab,none,0,8,1,0.11534,1
OF,reference,BiCGStab,BiCGStab,none,0,8,1,0.115613,1
OF,reference,BiCGStab,BiCGStab,none,0,8,1,0.112647,1
OF,reference,BiCGStab,BiCGStab,none,0,8,1,0.111278,1
OF,reference,BiCGStab,BiCGStab,none,0,8,1,0.114814,1
OF,reference,BiCGStab,BiCGStab,none,0,8,1,0.113731,1
OF,reference,BiCGStab,BiCGStab,none,0,8,1,0.112539,1
OF,reference,BiCGStab,BiCGStab,none,0,8,1,0.114471,1
OF,reference,BiCGStab,BiCGStab,none,0,8,1,0.121116,1
OF,reference,BiCGStab,BiCGStab,none,0,8,1,0.120855,1
OF,reference,BiCGStab,BiCGStab,none,0,8,1,0.120222,1
OF,reference,BiCGStab,BiCGStab,none,0,8,1,0.122407,1
OF,reference,BiCGStab,BiCGStab,none,0,8,1,0.115711,1
OF,reference,BiCGStab,BiCGStab,none,0,8,1,0.115607,1
OF,reference,BiCGStab,BiCGStab,none,0,8,1,0.122691,1
OF,reference,BiCGStab,BiCGStab,none,0,8,1,0.119867,1
OF,reference,BiCGStab,BiCGStab,none,0,8,1,0.113663,1
OF,reference,BiCGStab,BiCGStab,none,0,8,1,0.112875,1
OF,reference,BiCGStab,BiCGStab,none,0,8,1,0.12053,1
OF,reference,BiCGStab,BiCGStab,none,0,8,1,0.121145,1
OF,reference,BiCGStab,BiCGStab,none,0,8,1,0.114014,1
OF,reference,BiCGStab,BiCGStab,none,0,8,1,0.114122,1
OF,reference,BiCGStab,BiCGStab,none,0,8,1,0.113258,1
OF,reference,BiCGStab,BiCGStab,none,0,8,1,0.121011,1
OF,reference,BiCGStab,BiCGStab,none,0,8,1,0.121281,1
OF,reference,BiCGStab,BiCGStab,none,0,8,1,0.116968,1
OF,reference,BiCGStab,BiCGStab,none,0,8,1,0.115582,1
OF,reference,BiCGStab,BiCGStab,none,0,8,1,0.113965,1
OF,reference,BiCGStab,BiCGStab,none,0,8,1,0.115511,1
OF,reference,BiCGStab,BiCGStab,none,0,8,1,0.116464,1
OF,reference,BiCGStab,BiCGStab,none,0,8,1,0.12142,1
OF,reference,BiCGStab,BiCGStab,none,0,8,1,0.11916,1
OF,reference,BiCGStab,BiCGStab,none,0,8,1,0.115962,1
OF,reference,BiCGStab,BiCGStab,none,0,8,1,0.116552,1
OF,reference,BiCGStab,BiCGStab,none,0,8,1,0.112,1
OF,reference,BiCGStab,BiCGStab,none,0,8,1,0.113756,1
OF,reference,BiCGStab,BiCGStab,none,0,8,1,0.11422,1
OF,reference,BiCGStab,BiCGStab,none,0,8,1,0.111726,1
OF,reference,BiCGStab,BiCGStab,none,0,8,1,0.116654,1
OF,reference,BiCGStab,BiCGStab,none,0,8,1,0.11818,1
OF,reference,BiCGStab,BiCGStab,none,0,8,1,0.122766,1
OF,reference,BiCGStab,BiCGStab,none,0,8,1,0.12258,1
OF,reference,BiCGStab,BiCGStab,none,0,8,1,0.122875,1
OF,reference,BiCGStab,BiCGStab,none,0,8,1,0.119139,1
OF,reference,BiCGStab,BiCGStab,none,0,8,1,0.114651,1
OF,reference,BiCGStab,BiCGStab,none,0,8,1,0.116693,1
OF,reference,BiCGStab,BiCGStab,none,0,8,1,0.121858,1
OF,reference,BiCGStab,BiCGStab,none,0,8,1,0.121692,1
OF,reference,BiCGStab,BiCGStab,none,0,8,1,0.11359,1
OF,reference,BiCGStab,BiCGStab,none,0,8,1,0.112567,1
OF,reference,BiCGStab,BiCGStab,none,0,8,1,0.121714,1
OF,reference,BiCGStab,BiCGStab,none,0,8,1,0.12342,1
OF,reference,BiCGStab,BiCGStab,none,0,8,1,0.116826,1
OF,reference,BiCGStab,BiCGStab,none,0,8,1,0.114007,1
OF,reference,BiCGStab,BiCGStab,none,0,8,1,0.112749,1
OF,reference,BiCGStab,BiCGStab,none,0,8,1,0.120582,1
OF,reference,BiCGStab,BiCGStab,none,0,8,1,0.120235,1
OF,reference,BiCGStab,BiCGStab,none,0,8,1,0.112677,1
OF,reference,BiCGStab,BiCGStab,none,0,8,1,0.115224,1
OF,reference,BiCGStab,BiCGStab,none,0,8,1,0.113141,1
OF,reference,BiCGStab,BiCGStab,none,0,8,1,0.114868,1
OF,reference,BiCGStab,BiCGStab,none,0,8,1,0.114367,1
OF,reference,BiCGStab,BiCGStab,none,0,8,1,0.12212,1
OF,reference,BiCGStab,BiCGStab,none,0,8,1,0.119363,1
OF,reference,BiCGStab,BiCGStab,none,0,8,1,0.115013,1
OF,reference,BiCGStab,BiCGStab,none,0,8,1,0.111918,1
OF,reference,BiCGStab,BiCGStab,none,0,8,1,0.11495,1
OF,reference,BiCGStab,BiCGStab,none,0,8,1,0.113775,1
OF,reference,BiCGStab,BiCGStab,none,0,8,1,0.112513,1
OF,reference,BiCGStab,BiCGStab,none,0,8,1,0.11474,1
OF,reference,BiCGStab,BiCGStab,none,0,8,1,0.112866,1
OF,reference,BiCGStab,BiCGStab,none,0,8,1,0.114238,1
OF,reference,BiCGStab,BiCGStab,none,0,8,1,0.12121,1
OF,reference,BiCGStab,BiCGStab,none,0,8,1,0.12222,1
OF,reference,BiCGStab,BiCGStab,none,0,8,1,0.124471,1
OF,reference,BiCGStab,BiCGStab,none,0,8,1,0.120752,1
OF,reference,BiCGStab,BiCGStab,none,0,8,1,0.114704,1
OF,reference,BiCGStab,BiCGStab,none,0,8,1,0.115274,1
OF,reference,BiCGStab,BiCGStab,none,0,8,1,0.118301,1
OF,reference,BiCGStab,BiCGStab,none,0,8,1,0.122385,1
OF,reference,BiCGStab,BiCGStab,none,0,8,1,0.113357,1
OF,reference,BiCGStab,BiCGStab,none,0,8,1,0.113227,1
OF,reference,BiCGStab,BiCGStab,none,0,8,1,0.122095,1
OF,reference,BiCGStab,BiCGStab,none,0,8,1,0.121024,1
OF,reference,BiCGStab,BiCGStab,none,0,8,1,0.115168,1
OF,reference,BiCGStab,BiCGStab,none,0,8,1,0.114915,1
OF,reference,BiCGStab,BiCGStab,none,0,8,1,0.114578,1
OF,reference,BiCGStab,BiCGStab,none,0,8,1,0.122354,1
OF,reference,BiCGStab,BiCGStab,none,0,8,1,0.118268,1
OF,reference,BiCGStab,BiCGStab,none,0,8,1,0.116487,1
OF,reference,BiCGStab,BiCGStab,none,0,8,1,0.11605,1
OF,reference,BiCGStab,BiCGStab,none,0,8,1,0.11323,1
OF,reference,BiCGStab,BiCGStab,none,0,8,1,0.114596,1
OF,reference,BiCGStab,BiCGStab,none,0,8,1,0.113982,1
OF,reference,BiCGStab,BiCGStab,none,0,8,1,0.119067,1
OF,reference,BiCGStab,BiCGStab,none,0,8,1,0.119218,1
OF,reference,BiCGStab,BiCGStab,none,0,8,1,0.114236,1
OF,reference,BiCGStab,BiCGStab,none,0,8,1,0.11364,1
OF,reference,BiCGStab,BiCGStab,none,0,8,1,0.115509,1
OF,reference,BiCGStab,BiCGStab,none,0,8,1,0.117272,1
OF,reference,BiCGStab,BiCGStab,none,0,8,1,0.11239,1
OF,reference,BiCGStab,BiCGStab,none,0,8,1,0.116639,1
OF,reference,BiCGStab,BiCGStab,none,0,8,1,0.112735,1
OF,reference,BiCGStab,BiCGStab,none,0,8,1,0.113604,1
OF,reference,BiCGStab,BiCGStab,none,0,8,1,0.122568,1
OF,reference,BiCGStab,BiCGStab,none,0,8,1,0.121295,1
OF,reference,BiCGStab,BiCGStab,none,0,8,1,0.120656,1
OF,reference,BiCGStab,BiCGStab,none,0,8,1,0.119714,1
OF,reference,BiCGStab,BiCGStab,none,0,8,1,0.117604,1
OF,reference,BiCGStab,BiCGStab,none,0,8,1,0.116365,1
OF,reference,BiCGStab,BiCGStab,none,0,8,1,0.121706,1
OF,reference,BiCGStab,BiCGStab,none,0,8,1,0.119669,1
OF,reference,BiCGStab,BiCGStab,none,0,8,1,0.112028,1
OF,reference,BiCGStab,BiCGStab,none,0,8,1,0.11333,1
OF,reference,BiCGStab,BiCGStab,none,0,8,1,0.123118,1
OF,reference,BiCGStab,BiCGStab,none,0,8,1,0.118262,1
OF,reference,BiCGStab,BiCGStab,none,0,8,1,0.115469,1
OF,reference,BiCGStab,BiCGStab,none,0,8,1,0.114478,1
OF,reference,BiCGStab,BiCGStab,none,0,8,1,0.111448,1
OF,reference,BiCGStab,BiCGStab,none,0,8,1,0.121325,1
OF,reference,BiCGStab,BiCGStab,none,0,8,1,0.120837,1
OF,reference,BiCGStab,BiCGStab,none,0,8,1,0.115478,1
OF,reference,BiCGStab,BiCGStab,none,0,8,1,0.114555,1
OF,reference,BiCGStab,BiCGStab,none,0,8,1,0.115898,1
OF,reference,BiCGStab,BiCGStab,none,0,8,1,0.114013,1
OF,reference,BiCGStab,BiCGStab,none,0,8,1,0.115503,1
OF,reference,BiCGStab,BiCGStab,none,0,8,1,0.120467,1
OF,reference,BiCGStab,BiCGStab,none,0,8,1,0.123127,1
OF,reference,BiCGStab,BiCGStab,none,0,8,1,0.115871,1
OF,reference,BiCGStab,BiCGStab,none,0,8,1,0.113411,1
OF,reference,BiCGStab,BiCGStab,none,0,8,1,0.113429,1
OF,reference,BiCGStab,BiCGStab,none,0,8,1,0.11299,1
OF,reference,BiCGStab,BiCGStab,none,0,8,1,0.114627,1
OF,reference,BiCGStab,BiCGStab,none,0,8,1,0.11098,1
OF,reference,BiCGStab,BiCGStab,none,0,8,1,0.115588,1
OF,reference,BiCGStab,BiCGStab,none,0,8,1,0.112558,1
OF,reference,BiCGStab,BiCGStab,none,0,8,1,0.12394,1
OF,reference,BiCGStab,BiCGStab,none,0,8,1,0.120441,1
OF,reference,BiCGStab,BiCGStab,none,0,8,1,0.121081,1
OF,reference,BiCGStab,BiCGStab,none,0,8,1,0.121473,1
OF,reference,BiCGStab,BiCGStab,none,0,8,1,0.114084,1
OF,reference,BiCGStab,BiCGStab,none,0,8,1,0.112417,1
OF,reference,BiCGStab,BiCGStab,none,0,8,1,0.121284,1
OF,reference,BiCGStab,BiCGStab,none,0,8,1,0.121023,1
OF,reference,BiCGStab,BiCGStab,none,0,8,1,0.113051,1
OF,reference,BiCGStab,BiCGStab,none,0,8,1,0.115063,1
OF,reference,BiCGStab,BiCGStab,none,0,8,1,0.121055,1
OF,reference,BiCGStab,BiCGStab,none,0,8,1,0.118859,1
OF,reference,BiCGStab,BiCGStab,none,0,8,1,0.111541,1
OF,reference,BiCGStab,BiCGStab,none,0,8,1,0.114515,1
OF,reference,BiCGStab,BiCGStab,none,0,8,1,0.116661,1
OF,reference,BiCGStab,BiCGStab,none,0,8,1,0.120207,1
OF,reference,BiCGStab,BiCGStab,none,0,8,1,0.120314,1
OF,reference,BiCGStab,BiCGStab,none,0,8,1,0.115295,1
OF,reference,BiCGStab,BiCGStab,none,0,8,1,0.116307,1
OF,reference,BiCGStab,BiCGStab,none,0,8,1,0.113477,1
OF,reference,BiCGStab,BiCGStab,none,0,8,1,0.114414,1
OF,reference,BiCGStab,BiCGStab,none,0,8,1,0.112638,1
OF,reference,BiCGStab,BiCGStab,none,0,8,1,0.119592,1
OF,reference,BiCGStab,BiCGStab,none,0,8,1,0.119109,1
OF,reference,BiCGStab,BiCGStab,none,0,8,1,0.114575,1
OF,reference,BiCGStab,BiCGStab,none,0,8,1,0.114044,1
OF,reference,BiCGStab,BiCGStab,none,0,8,1,0.11348,1
OF,reference,BiCGStab,BiCGStab,none,0,8,1,0.11442,1
OF,reference,BiCGStab,BiCGStab,none,0,8,1,0.112712,1
OF,reference,BiCGStab,BiCGStab,none,0,8,1,0.112909,1
OF,reference,BiCGStab,BiCGStab,none,0,8,1,0.114821,1
OF,reference,BiCGStab,BiCGStab,none,0,8,1,0.114623,1
OF,reference,BiCGStab,BiCGStab,none,0,8,1,0.115786,1
OF,reference,BiCGStab,BiCGStab,none,0,8,1,0.121476,1
OF,reference,BiCGStab,BiCGStab,none,0,8,1,0.123698,1
OF,reference,BiCGStab,BiCGStab,none,0,8,1,0.119397,1
OF,reference,BiCGStab,BiCGStab,none,0,8,1,0.112381,1
OF,reference,BiCGStab,BiCGStab,none,0,8,1,0.114112,1
OF,reference,BiCGStab,BiCGStab,none,0,8,1,0.119976,1
OF,reference,BiCGStab,BiCGStab,none,0,8,1,0.11853,1
OF,reference,BiCGStab,BiCGStab,none,0,8,1,0.115572,1
OF,reference,BiCGStab,BiCGStab,none,0,8,1,0.11454,1
OF,reference,BiCGStab,BiCGStab,none,0,8,1,0.12046,1
OF,reference,BiCGStab,BiCGStab,none,0,8,1,0.120072,1
OF,reference,BiCGStab,BiCGStab,none,0,8,1,0.114536,1
OF,reference,BiCGStab,BiCGStab,none,0,8,1,0.112881,1
OF,reference,BiCGStab,BiCGStab,none,0,8,1,0.112867,1
OF,reference,BiCGStab,BiCGStab,none,0,8,1,0.123216,1
OF,reference,BiCGStab,BiCGStab,none,0,8,1,0.11809,1
OF,reference,BiCGStab,BiCGStab,none,0,8,1,0.116178,1
OF,reference,BiCGStab,BiCGStab,none,0,8,1,0.115162,1
OF,reference,BiCGStab,BiCGStab,none,0,8,1,0.113751,1
OF,reference,BiCGStab,BiCGStab,none,0,8,1,0.11615,1
OF,reference,BiCGStab,BiCGStab,none,0,8,1,0.113836,1
OF,reference,BiCGStab,BiCGStab,none,0,8,1,0.123074,1
OF,reference,BiCGStab,BiCGStab,none,0,8,1,0.119524,1
OF,reference,BiCGStab,BiCGStab,none,0,8,1,0.112575,1
OF,reference,BiCGStab,BiCGStab,none,0,8,1,0.112855,1
OF,reference,BiCGStab,BiCGStab,none,0,8,1,0.113167,1
OF,reference,BiCGStab,BiCGStab,none,0,8,1,0.115625,1
OF,reference,BiCGStab,BiCGStab,none,0,8,1,0.113359,1
OF,reference,BiCGStab,BiCGStab,none,0,8,1,0.114306,1
OF,reference,BiCGStab,BiCGStab,none,0,8,1,0.116887,1
OF,reference,BiCGStab,BiCGStab,none,0,8,1,0.113142,1
OF,reference,BiCGStab,BiCGStab,none,0,8,1,0.11993,1
OF,reference,BiCGStab,BiCGStab,none,0,8,1,0.12188,1
OF,reference,BiCGStab,BiCGStab,none,0,8,1,0.119368,1
OF,reference,BiCGStab,BiCGStab,none,0,8,1,0.120273,1
OF,reference,BiCGStab,BiCGStab,none,0,8,1,0.115781,1
OF,reference,BiCGStab,BiCGStab,none,0,8,1,0.114204,1
OF,reference,BiCGStab,BiCGStab,none,0,8,1,0.120321,1
OF,reference,BiCGStab,BiCGStab,none,0,8,1,0.119033,1
OF,reference,BiCGStab,BiCGStab,none,0,8,1,0.114165,1
OF,reference,BiCGStab,BiCGStab,none,0,8,1,0.116228,1
OF,reference,BiCGStab,BiCGStab,none,0,8,1,0.119257,1
OF,reference,BiCGStab,BiCGStab,none,0,8,1,0.114649,1
OF,reference,BiCGStab,BiCGStab,none,0,8,1,0.114492,1
OF,reference,BiCGStab,BiCGStab,none,0,8,1,0.11409,1
OF,reference,BiCGStab,BiCGStab,none,0,8,1,0.122203,1
OF,reference,BiCGStab,BiCGStab,none,0,8,1,0.12151,1
OF,reference,BiCGStab,BiCGStab,none,0,8,1,0.113251,1
OF,reference,BiCGStab,BiCGStab,none,0,8,1,0.114533,1
OF,reference,BiCGStab,BiCGStab,none,0,8,1,0.114938,1
OF,reference,BiCGStab,BiCGStab,none,0,8,1,0.115281,1
OF,reference,BiCGStab,BiCGStab,none,0,8,1,0.115026,1
OF,reference,BiCGStab,BiCGStab,none,0,8,1,0.121722,1
OF,reference,BiCGStab,BiCGStab,none,0,8,1,0.120665,1
OF,reference,BiCGStab,BiCGStab,none,0,8,1,0.113231,1
OF,reference,BiCGStab,BiCGStab,none,0,8,1,0.11657,1
OF,reference,BiCGStab,BiCGStab,none,0,8,1,0.11114,1
OF,reference,BiCGStab,BiCGStab,none,0,8,1,0.113549,1
OF,reference,BiCGStab,BiCGStab,none,0,8,1,0.114867,1
OF,reference,BiCGStab,BiCGStab,none,0,8,1,0.113633,1
OF,reference,BiCGStab,BiCGStab,none,0,8,1,0.116331,1
OF,reference,BiCGStab,BiCGStab,none,0,8,1,0.111443,1
OF,reference,BiCGStab,BiCGStab,none,0,8,1,0.12261,1
OF,reference,BiCGStab,BiCGStab,none,0,8,1,0.121807,1
OF,reference,BiCGStab,BiCGStab,none,0,8,1,0.122357,1
OF,reference,BiCGStab,BiCGStab,none,0,8,1,0.119641,1
OF,reference,BiCGStab,BiCGStab,none,0,8,1,0.114584,1
OF,reference,BiCGStab,BiCGStab,none,0,8,1,0.1142,1
OF,reference,BiCGStab,BiCGStab,none,0,8,1,0.118422,1
OF,reference,BiCGStab,BiCGStab,none,0,8,1,0.121243,1
OF,reference,BiCGStab,BiCGStab,none,0,8,1,0.112498,1
OF,reference,BiCGStab,BiCGStab,none,0,8,1,0.114505,1
OF,reference,BiCGStab,BiCGStab,none,0,8,1,0.121084,1
OF,reference,BiCGStab,BiCGStab,none,0,8,1,0.118142,1
OF,reference,BiCGStab,BiCGStab,none,0,8,1,0.115818,1
OF,reference,BiCGStab,BiCGStab,none,0,8,1,0.113886,1
OF,reference,BiCGStab,BiCGStab,none,0,8,1,0.112034,1
OF,reference,BiCGStab,BiCGStab,none,0,8,1,0.119156,1
OF,reference,BiCGStab,BiCGStab,none,0,8,1,0.120588,1
OF,reference,BiCGStab,BiCGStab,none,0,8,1,0.115642,1
OF,reference,BiCGStab,BiCGStab,none,0,8,1,0.115932,1
OF,reference,BiCGStab,BiCGStab,none,0,8,1,0.114988,1
OF,reference,BiCGStab,BiCGStab,none,0,8,1,0.114171,1
OF,reference,BiCGStab,BiCGStab,none,0,8,1,0.115004,1
OF,reference,BiCGStab,BiCGStab,none,0,8,1,0.124545,1
OF,reference,BiCGStab,BiCGStab,none,0,8,1,0.116585,1
OF,reference,BiCGStab,BiCGStab,none,0,8,1,0.116004,1
OF,reference,BiCGStab,BiCGStab,none,0,8,1,0.113794,1
OF,reference,BiCGStab,BiCGStab,none,0,8,1,0.115934,1
OF,reference,BiCGStab,BiCGStab,none,0,8,1,0.114368,1
OF,reference,BiCGStab,BiCGStab,none,0,8,1,0.116288,1
OF,reference,BiCGStab,BiCGStab,none,0,8,1,0.115034,1
OF,reference,BiCGStab,BiCGStab,none,0,8,1,0.112507,1
OF,reference,BiCGStab,BiCGStab,none,0,8,1,0.11336,1
OF,reference,BiCGStab,BiCGStab,none,0,8,1,0.11963,1
OF,reference,BiCGStab,BiCGStab,none,0,8,1,0.122911,1
OF,reference,BiCGStab,BiCGStab,none,0,8,1,0.121319,1
OF,reference,BiCGStab,BiCGStab,none,0,8,1,0.118274,1
OF,reference,BiCGStab,BiCGStab,none,0,8,1,0.115311,1
OF,reference,BiCGStab,BiCGStab,none,0,8,1,0.113943,1
OF,reference,BiCGStab,BiCGStab,none,0,8,1,0.123054,1
OF,reference,BiCGStab,BiCGStab,none,0,8,1,0.122585,1
OF,reference,BiCGStab,BiCGStab,none,0,8,1,0.112424,1
OF,reference,BiCGStab,BiCGStab,none,0,8,1,0.112758,1
OF,reference,BiCGStab,BiCGStab,none,0,8,1,0.120921,1
OF,reference,BiCGStab,BiCGStab,none,0,8,1,0.121975,1
OF,reference,BiCGStab,BiCGStab,none,0,8,1,0.114766,1
OF,reference,BiCGStab,BiCGStab,none,0,8,1,0.113378,1
OF,reference,BiCGStab,BiCGStab,none,0,8,1,0.112006,1
OF,reference,BiCGStab,BiCGStab,none,0,8,1,0.122879,1
OF,reference,BiCGStab,BiCGStab,none,0,8,1,0.118664,1
OF,reference,BiCGStab,BiCGStab,none,0,8,1,0.114927,1
OF,reference,BiCGStab,BiCGStab,none,0,8,1,0.117255,1
OF,reference,BiCGStab,BiCGStab,none,0,8,1,0.114827,1
OF,reference,BiCGStab,BiCGStab,none,0,8,1,0.114128,1
OF,reference,BiCGStab,BiCGStab,none,0,8,1,0.112969,1
OF,reference,BiCGStab,BiCGStab,none,0,8,1,0.11875,1
OF,reference,BiCGStab,BiCGStab,none,0,8,1,0.119716,1
OF,reference,BiCGStab,BiCGStab,none,0,8,1,0.116158,1
OF,reference,BiCGStab,BiCGStab,none,0,8,1,0.115858,1
OF,reference,BiCGStab,BiCGStab,none,0,8,1,0.111933,1
OF,reference,BiCGStab,BiCGStab,none,0,8,1,0.11449,1
OF,reference,BiCGStab,BiCGStab,none,0,8,1,0.117946,1
OF,reference,BiCGStab,BiCGStab,none,0,8,1,0.112149,1
OF,reference,BiCGStab,BiCGStab,none,0,8,1,0.113776,1
OF,reference,BiCGStab,BiCGStab,none,0,8,1,0.112838,1
OF,reference,BiCGStab,BiCGStab,none,0,8,1,0.120636,1
OF,reference,BiCGStab,BiCGStab,none,0,8,1,0.119687,1
OF,reference,BiCGStab,BiCGStab,none,0,8,1,0.119708,1
OF,reference,BiCGStab,BiCGStab,none,0,8,1,0.119251,1
OF,reference,BiCGStab,BiCGStab,none,0,8,1,0.115351,1
OF,reference,BiCGStab,BiCGStab,none,0,8,1,0.113738,1
OF,reference,BiCGStab,BiCGStab,none,0,8,1,0.11863,1
OF,reference,BiCGStab,BiCGStab,none,0,8,1,0.11782,1
OF,reference,BiCGStab,BiCGStab,none,0,8,1,0.114928,1
OF,reference,BiCGStab,BiCGStab,none,0,8,1,0.113834,1
OF,reference,BiCGStab,BiCGStab,none,0,8,1,0.124644,1
OF,reference,BiCGStab,BiCGStab,none,0,8,1,0.119792,1
OF,reference,BiCGStab,BiCGStab,none,0,8,1,0.115792,1
OF,reference,BiCGStab,BiCGStab,none,0,8,1,0.112777,1
OF,reference,BiCGStab,BiCGStab,none,0,8,1,0.11231,1
OF,reference,BiCGStab,BiCGStab,none,0,8,1,0.119899,1
OF,reference,BiCGStab,BiCGStab,none,0,8,1,0.117696,1
OF,reference,BiCGStab,BiCGStab,none,0,8,1,0.113793,1
OF,reference,BiCGStab,BiCGStab,none,0,8,1,0.115776,1
OF,reference,BiCGStab,BiCGStab,none,0,8,1,0.115071,1
OF,reference,BiCGStab,BiCGStab,none,0,8,1,0.115762,1
OF,reference,BiCGStab,BiCGStab,none,0,8,1,0.112954,1
OF,reference,BiCGStab,BiCGStab,none,0,8,1,0.120991,1
OF,reference,BiCGStab,BiCGStab,none,0,8,1,0.121165,1
OF,reference,BiCGStab,BiCGStab,none,0,8,1,0.115215,1
OF,reference,BiCGStab,BiCGStab,none,0,8,1,0.111901,1
OF,reference,BiCGStab,BiCGStab,none,0,8,1,0.115839,1
OF,reference,BiCGStab,BiCGStab,none,0,8,1,0.115605,1
OF,reference,BiCGStab,BiCGStab,none,0,8,1,0.114282,1
OF,reference,BiCGStab,BiCGStab,none,0,8,1,0.112342,1
OF,reference,BiCGStab,BiCGStab,none,0,8,1,0.116767,1
OF,reference,BiCGStab,BiCGStab,none,0,8,1,0.116821,1
OF,reference,BiCGStab,BiCGStab,none,0,8,1,0.120267,1
OF,reference,BiCGStab,BiCGStab,none,0,8,1,0.120353,1
OF,reference,BiCGStab,BiCGStab,none,0,8,1,0.121338,1
OF,reference,BiCGStab,BiCGStab,none,0,8,1,0.12376,1
OF,reference,BiCGStab,BiCGStab,none,0,8,1,0.11505,1
OF,reference,BiCGStab,BiCGStab,none,0,8,1,0.115232,1
OF,reference,BiCGStab,BiCGStab,none,0,8,1,0.122401,1
OF,reference,BiCGStab,BiCGStab,none,0,8,1,0.121449,1
OF,reference,BiCGStab,BiCGStab,none,0,8,1,0.113298,1
OF,reference,BiCGStab,BiCGStab,none,0,8,1,0.113889,1
OF,reference,BiCGStab,BiCGStab,none,0,8,1,0.120974,1
OF,reference,BiCGStab,BiCGStab,none,0,8,1,0.121462,1
OF,reference,BiCGStab,BiCGStab,none,0,8,1,0.114641,1
OF,reference,BiCGStab,BiCGStab,none,0,8,1,0.115486,1
OF,reference,BiCGStab,BiCGStab,none,0,8,1,0.113714,1
OF,reference,BiCGStab,BiCGStab,none,0,8,1,0.12459,1
OF,reference,BiCGStab,BiCGStab,none,0,8,1,0.121984,1
OF,reference,BiCGStab,BiCGStab,none,0,8,1,0.115339,1
OF,reference,BiCGStab,BiCGStab,none,0,8,1,0.115134,1
OF,reference,BiCGStab,BiCGStab,none,0,8,1,0.113375,1
OF,reference,BiCGStab,BiCGStab,none,0,8,1,0.114562,1
OF,reference,BiCGStab,BiCGStab,none,0,8,1,0.112402,1
OF,reference,BiCGStab,BiCGStab,none,0,8,1,0.120487,1
OF,reference,BiCGStab,BiCGStab,none,0,8,1,0.119675,1
OF,reference,BiCGStab,BiCGStab,none,0,8,1,0.113584,1
OF,reference,BiCGStab,BiCGStab,none,0,8,1,0.112664,1
OF,reference,BiCGStab,BiCGStab,none,0,8,1,0.114334,1
OF,reference,BiCGStab,BiCGStab,none,0,8,1,0.111572,1
OF,reference,BiCGStab,BiCGStab,none,0,8,1,0.112885,1
OF,reference,BiCGStab,BiCGStab,none,0,8,1,0.114916,1
OF,reference,BiCGStab,BiCGStab,none,0,8,1,0.112863,1
OF,reference,BiCGStab,BiCGStab,none,0,8,1,0.112591,1
OF,reference,BiCGStab,BiCGStab,none,0,8,1,0.120366,1
OF,reference,BiCGStab,BiCGStab,none,0,8,1,0.120591,1
OF,reference,BiCGStab,BiCGStab,none,0,8,1,0.122993,1
OF,reference,BiCGStab,BiCGStab,none,0,8,1,0.119396,1
OF,reference,BiCGStab,BiCGStab,none,0,8,1,0.115752,1
OF,reference,BiCGStab,BiCGStab,none,0,8,1,0.114763,1
OF,reference,BiCGStab,BiCGStab,none,0,8,1,0.123583,1
OF,reference,BiCGStab,BiCGStab,none,0,8,1,0.121334,1
OF,reference,BiCGStab,BiCGStab,none,0,8,1,0.111893,1
OF,reference,BiCGStab,BiCGStab,none,0,8,1,0.111969,1
OF,reference,BiCGStab,BiCGStab,none,0,8,1,0.121505,1
OF,reference,BiCGStab,BiCGStab,none,0,8,1,0.11999,1
OF,reference,BiCGStab,BiCGStab,none,0,8,1,0.114576,1
OF,reference,BiCGStab,BiCGStab,none,0,8,1,0.113145,1
OF,reference,BiCGStab,BiCGStab,none,0,8,1,0.112281,1
OF,reference,BiCGStab,BiCGStab,none,0,8,1,0.119335,1
OF,reference,BiCGStab,BiCGStab,none,0,8,1,0.120063,1
OF,reference,BiCGStab,BiCGStab,none,0,8,1,0.113276,1
OF,reference,BiCGStab,BiCGStab,none,0,8,1,0.115605,1
OF,reference,BiCGStab,BiCGStab,none,0,8,1,0.114862,1
OF,reference,BiCGStab,BiCGStab,none,0,8,1,0.113874,1
OF,reference,BiCGStab,BiCGStab,none,0,8,1,0.113,1
OF,reference,BiCGStab,BiCGStab,none,0,8,1,0.121048,1
OF,reference,BiCGStab,BiCGStab,none,0,8,1,0.11846,1
OF,reference,BiCGStab,BiCGStab,none,0,8,1,0.113823,1
OF,reference,BiCGStab,BiCGStab,none,0,8,1,0.114287,1
OF,reference,BiCGStab,BiCGStab,none,0,8,1,0.114371,1
OF,reference,BiCGStab,BiCGStab,none,0,8,1,0.113079,1
OF,reference,BiCGStab,BiCGStab,none,0,8,1,0.11323,1
OF,reference,BiCGStab,BiCGStab,none,0,8,1,0.113908,1
OF,reference,BiCGStab,BiCGStab,none,0,8,1,0.115759,1
OF,reference,BiCGStab,BiCGStab,none,0,8,1,0.113455,1
OF,reference,BiCGStab,BiCGStab,none,0,8,1,0.120203,1
OF,reference,BiCGStab,BiCGStab,none,0,8,1,0.1219,1
OF,reference,BiCGStab,BiCGStab,none,0,8,1,0.124523,1
OF,reference,BiCGStab,BiCGStab,none,0,8,1,0.122996,1
OF,reference,BiCGStab,BiCGStab,none,0,8,1,0.115488,1
OF,reference,BiCGStab,BiCGStab,none,0,8,1,0.115266,1
OF,reference,BiCGStab,BiCGStab,none,0,8,1,0.122207,1
OF,reference,BiCGStab,BiCGStab,none,0,8,1,0.122579,1
OF,reference,BiCGStab,BiCGStab,none,0,8,1,0.112262,1
OF,reference,BiCGStab,BiCGStab,none,0,8,1,0.113605,1
OF,reference,BiCGStab,BiCGStab,none,0,8,1,0.11937,1
OF,reference,BiCGStab,BiCGStab,none,0,8,1,0.117934,1
OF,reference,BiCGStab,BiCGStab,none,0,8,1,0.113428,1
OF,reference,BiCGStab,BiCGStab,none,0,8,1,0.115384,1
OF,reference,BiCGStab,BiCGStab,none,0,8,1,0.113036,1
OF,reference,BiCGStab,BiCGStab,none,0,8,1,0.123435,1
OF,reference,BiCGStab,BiCGStab,none,0,8,1,0.115744,1
OF,reference,BiCGStab,BiCGStab,none,0,8,1,0.115064,1
OF,reference,BiCGStab,BiCGStab,none,0,8,1,0.114739,1
OF,reference,BiCGStab,BiCGStab,none,0,8,1,0.113634,1
OF,reference,BiCGStab,BiCGStab,none,0,8,1,0.113924,1
OF,reference,BiCGStab,BiCGStab,none,0,8,1,0.117023,1
OF,reference,BiCGStab,BiCGStab,none,0,8,1,0.117378,1
OF,reference,BiCGStab,BiCGStab,none,0,8,1,0.120223,1
OF,reference,BiCGStab,BiCGStab,none,0,8,1,0.115866,1
OF,reference,BiCGStab,BiCGStab,none,0,8,1,0.112458,1
OF,reference,BiCGStab,BiCGStab,none,0,8,1,0.112153,1
OF,reference,BiCGStab,BiCGStab,none,0,8,1,0.116856,1
OF,reference,BiCGStab,BiCGStab,none,0,8,1,0.112569,1
OF,reference,BiCGStab,BiCGStab,none,0,8,1,0.114331,1
OF,reference,BiCGStab,BiCGStab,none,0,8,1,0.115965,1
OF,reference,BiCGStab,BiCGStab,none,0,8,1,0.114464,1
OF,reference,BiCGStab,BiCGStab,none,0,8,1,0.120152,1
OF,reference,BiCGStab,BiCGStab,none,0,8,1,0.135145,1
OF,reference,BiCGStab,BiCGStab,none,0,8,1,0.119521,1
OF,reference,BiCGStab,BiCGStab,none,0,8,1,0.119222,1
OF,reference,BiCGStab,BiCGStab,none,0,8,1,0.116025,1
OF,reference,BiCGStab,BiCGStab,none,0,8,1,0.114997,1
OF,reference,BiCGStab,BiCGStab,none,0,8,1,0.121733,1
OF,reference,BiCGStab,BiCGStab,none,0,8,1,0.119529,1
OF,reference,BiCGStab,BiCGStab,none,0,8,1,0.112991,1
OF,reference,BiCGStab,BiCGStab,none,0,8,1,0.114121,1
OF,reference,BiCGStab,BiCGStab,none,0,8,1,0.118764,1
OF,reference,BiCGStab,BiCGStab,none,0,8,1,0.122095,1
OF,reference,BiCGStab,BiCGStab,none,0,8,1,0.114038,1
OF,reference,BiCGStab,BiCGStab,none,0,8,1,0.11248,1
OF,reference,BiCGStab,BiCGStab,none,0,8,1,0.113098,1
OF,reference,BiCGStab,BiCGStab,none,0,8,1,0.11931,1
OF,reference,BiCGStab,BiCGStab,none,0,8,1,0.120144,1
OF,reference,BiCGStab,BiCGStab,none,0,8,1,0.116013,1
OF,reference,BiCGStab,BiCGStab,none,0,8,1,0.114961,1
OF,reference,BiCGStab,BiCGStab,none,0,8,1,0.115288,1
OF,reference,BiCGStab,BiCGStab,none,0,8,1,0.112459,1
OF,reference,BiCGStab,BiCGStab,none,0,8,1,0.11482,1
OF,reference,BiCGStab,BiCGStab,none,0,8,1,0.122119,1
OF,reference,BiCGStab,BiCGStab,none,0,8,1,0.119802,1
OF,reference,BiCGStab,BiCGStab,none,0,8,1,0.113235,1
OF,reference,BiCGStab,BiCGStab,none,0,8,1,0.115306,1
OF,reference,BiCGStab,BiCGStab,none,0,8,1,0.115534,1
OF,reference,BiCGStab,BiCGStab,none,0,8,1,0.111843,1
OF,reference,BiCGStab,BiCGStab,none,0,8,1,0.114276,1
OF,reference,BiCGStab,BiCGStab,none,0,8,1,0.113927,1
OF,reference,BiCGStab,BiCGStab,none,0,8,1,0.115002,1
OF,reference,BiCGStab,BiCGStab,none,0,8,1,0.113434,1
OF,reference,BiCGStab,BiCGStab,none,0,8,1,0.117889,1
OF,reference,BiCGStab,BiCGStab,none,0,8,1,0.12058,1
OF,reference,BiCGStab,BiCGStab,none,0,8,1,0.124123,1
OF,reference,BiCGStab,BiCGStab,none,0,8,1,0.117734,1
OF,reference,BiCGStab,BiCGStab,none,0,8,1,0.115608,1
OF,reference,BiCGStab,BiCGStab,none,0,8,1,0.115934,1
OF,reference,BiCGStab,BiCGStab,none,0,8,1,0.120247,1
OF,reference,BiCGStab,BiCGStab,none,0,8,1,0.121325,1
OF,reference,BiCGStab,BiCGStab,none,0,8,1,0.11315,1
OF,reference,BiCGStab,BiCGStab,none,0,8,1,0.115682,1
OF,reference,BiCGStab,BiCGStab,none,0,8,1,0.122894,1
OF,reference,BiCGStab,BiCGStab,none,0,8,1,0.117062,1
OF,reference,BiCGStab,BiCGStab,none,0,8,1,0.123695,1
OF,reference,BiCGStab,BiCGStab,none,0,8,1,0.113236,1
OF,reference,BiCGStab,BiCGStab,none,0,8,1,0.118664,1
OF,reference,BiCGStab,BiCGStab,none,0,8,1,0.122119,1
OF,reference,BiCGStab,BiCGStab,none,0,8,1,0.114185,1
OF,reference,BiCGStab,BiCGStab,none,0,8,1,0.116549,1
OF,reference,BiCGStab,BiCGStab,none,0,8,1,0.111733,1
OF,reference,BiCGStab,BiCGStab,none,0,8,1,0.116392,1
OF,reference,BiCGStab,BiCGStab,none,0,8,1,0.111866,1
OF,reference,BiCGStab,BiCGStab,none,0,8,1,0.123063,1
OF,reference,BiCGStab,BiCGStab,none,0,8,1,0.118346,1
OF,reference,BiCGStab,BiCGStab,none,0,8,1,0.115327,1
OF,reference,BiCGStab,BiCGStab,none,0,8,1,0.115679,1
OF,reference,BiCGStab,BiCGStab,none,0,8,1,0.116642,1
OF,reference,BiCGStab,BiCGStab,none,0,8,1,0.116427,1
OF,reference,BiCGStab,BiCGStab,none,0,8,1,0.115704,1
OF,reference,BiCGStab,BiCGStab,none,0,8,1,0.1135,1
OF,reference,BiCGStab,BiCGStab,none,0,8,1,0.11501,1
OF,reference,BiCGStab,BiCGStab,none,0,8,1,0.111982,1
OF,reference,BiCGStab,BiCGStab,none,0,8,1,0.121736,1
OF,reference,BiCGStab,BiCGStab,none,0,8,1,0.121221,1
OF,reference,BiCGStab,BiCGStab,none,0,8,1,0.118962,1
OF,reference,BiCGStab,BiCGStab,none,0,8,1,0.116715,1
OF,reference,BiCGStab,BiCGStab,none,0,8,1,0.11585,1
OF,reference,BiCGStab,BiCGStab,none,0,8,1,0.113923,1
OF,reference,BiCGStab,BiCGStab,none,0,8,1,0.122071,1
OF,reference,BiCGStab,BiCGStab,none,0,8,1,0.11938,1
OF,reference,BiCGStab,BiCGStab,none,0,8,1,0.115106,1
OF,reference,BiCGStab,BiCGStab,none,0,8,1,0.115429,1
OF,reference,BiCGStab,BiCGStab,none,0,8,1,0.120174,1
OF,reference,BiCGStab,BiCGStab,none,0,8,1,0.120608,1
OF,reference,BiCGStab,BiCGStab,none,0,8,1,0.113637,1
OF,reference,BiCGStab,BiCGStab,none,0,8,1,0.115184,1
OF,reference,BiCGStab,BiCGStab,none,0,8,1,0.113732,1
OF,reference,BiCGStab,BiCGStab,none,0,8,1,0.120344,1
OF,reference,BiCGStab,BiCGStab,none,0,8,1,0.120043,1
OF,reference,BiCGStab,BiCGStab,none,0,8,1,0.115358,1
OF,reference,BiCGStab,BiCGStab,none,0,8,1,0.11334,1
OF,reference,BiCGStab,BiCGStab,none,0,8,1,0.114279,1
OF,reference,BiCGStab,BiCGStab,none,0,8,1,0.112247,1
OF,reference,BiCGStab,BiCGStab,none,0,8,1,0.115139,1
OF,reference,BiCGStab,BiCGStab,none,0,8,1,0.120551,1
OF,reference,BiCGStab,BiCGStab,none,0,8,1,0.118914,1
OF,reference,BiCGStab,BiCGStab,none,0,8,1,0.116094,1
OF,reference,BiCGStab,BiCGStab,none,0,8,1,0.113626,1
OF,reference,CG,BiCGStab,none,0,16,1,0.242934,1
OF,reference,CG,BiCGStab,none,0,16,1,0.238793,1
OF,reference,CG,BiCGStab,none,0,16,1,0.237311,1
OF,reference,CG,BiCGStab,none,0,16,1,0.237107,1
OF,reference,CG,BiCGStab,none,0,16,1,0.238154,1
OF,reference,CG,BiCGStab,none,0,16,1,0.246174,1
OF,reference,CG,BiCGStab,none,0,16,1,0.24586,1
OF,reference,CG,BiCGStab,none,0,16,1,0.244677,1
OF,reference,CG,BiCGStab,none,0,16,1,0.243009,1
OF,reference,CG,BiCGStab,none,0,16,1,0.241456,1
OF,reference,CG,BiCGStab,none,0,16,1,0.238653,1
OF,reference,CG,BiCGStab,none,0,16,1,0.244642,1
OF,reference,CG,BiCGStab,none,0,16,1,0.245481,1
OF,reference,CG,BiCGStab,none,0,16,1,0.236406,1
OF,reference,CG,BiCGStab,none,0,16,1,0.237763,1
OF,reference,CG,BiCGStab,none,0,16,1,0.248825,1
OF,reference,CG,BiCGStab,none,0,16,1,0.243613,1
OF,reference,CG,BiCGStab,none,0,16,1,0.241302,1
OF,reference,CG,BiCGStab,none,0,16,1,0.241741,1
OF,reference,CG,BiCGStab,none,0,16,1,0.239611,1
OF,reference,CG,BiCGStab,none,0,16,1,0.243655,1
OF,reference,CG,BiCGStab,none,0,16,1,0.245746,1
OF,reference,CG,BiCGStab,none,0,16,1,0.24096,1
OF,reference,CG,BiCGStab,none,0,16,1,0.237861,1
OF,reference,CG,BiCGStab,none,0,16,1,0.238955,1
OF,reference,CG,BiCGStab,none,0,16,1,0.239416,1
OF,reference,CG,BiCGStab,none,0,16,1,0.24051,1
OF,reference,CG,BiCGStab,none,0,16,1,0.245023,1
OF,reference,CG,BiCGStab,none,0,16,1,0.243647,1
OF,reference,CG,BiCGStab,none,0,16,1,0.240971,1
OF,reference,CG,BiCGStab,none,0,16,1,0.239237,1
OF,reference,CG,BiCGStab,none,0,16,1,0.243346,1
OF,reference,CG,BiCGStab,none,0,16,1,0.239158,1
OF,reference,CG,BiCGStab,none,0,16,1,0.236162,1
OF,reference,CG,BiCGStab,none,0,16,1,0.238083,1
OF,reference,CG,BiCGStab,none,0,16,1,0.238341,1
OF,reference,CG,BiCGStab,none,0,16,1,0.240077,1
OF,reference,CG,BiCGStab,none,0,16,1,0.242939,1
OF,reference,CG,BiCGStab,none,0,16,1,0.251294,1
OF,reference,CG,BiCGStab,none,0,16,1,0.24501,1
OF,reference,CG,BiCGStab,none,0,16,1,0.243871,1
OF,reference,CG,BiCGStab,none,0,16,1,0.240307,1
OF,reference,CG,BiCGStab,none,0,16,1,0.238056,1
OF,reference,CG,BiCGStab,none,0,16,1,0.246067,1
OF,reference,CG,BiCGStab,none,0,16,1,0.247201,1
OF,reference,CG,BiCGStab,none,0,16,1,0.237441,1
OF,reference,CG,BiCGStab,none,0,16,1,0.23762,1
OF,reference,CG,BiCGStab,none,0,16,1,0.246549,1
OF,reference,CG,BiCGStab,none,0,16,1,0.246244,1
OF,reference,CG,BiCGStab,none,0,16,1,0.240999,1
OF,reference,CG,BiCGStab,none,0,16,1,0.238384,1
OF,reference,CG,BiCGStab,none,0,16,1,0.239389,1
OF,reference,CG,BiCGStab,none,0,16,1,0.247362,1
OF,reference,CG,BiCGStab,none,0,16,1,0.242762,1
OF,reference,CG,BiCGStab,none,0,16,1,0.239472,1
OF,reference,CG,BiCGStab,none,0,16,1,0.241644,1
OF,reference,CG,BiCGStab,none,0,16,1,0.238523,1
OF,reference,CG,BiCGStab,none,0,16,1,0.238722,1
OF,reference,CG,BiCGStab,none,0,16,1,0.239027,1
OF,reference,CG,BiCGStab,none,0,16,1,0.246256,1
OF,reference,CG,BiCGStab,none,0,16,1,0.244349,1
OF,reference,CG,BiCGStab,none,0,16,1,0.237049,1
OF,reference,CG,BiCGStab,none,0,16,1,0.236137,1
OF,reference,CG,BiCGStab,none,0,16,1,0.239581,1
OF,reference,CG,BiCGStab,none,0,16,1,0.236606,1
OF,reference,CG,BiCGStab,none,0,16,1,0.237436,1
OF,reference,CG,BiCGStab,none,0,16,1,0.239809,1
OF,reference,CG,BiCGStab,none,0,16,1,0.237887,1
OF,reference,CG,BiCGStab,none,0,16,1,0.239442,1
OF,reference,CG,BiCGStab,none,0,16,1,0.245045,1
OF,reference,CG,BiCGStab,none,0,16,1,0.245297,1
OF,reference,CG,BiCGStab,none,0,16,1,0.246507,1
OF,reference,CG,BiCGStab,none,0,16,1,0.245835,1
OF,reference,CG,BiCGStab,none,0,16,1,0.23989,1
OF,reference,CG,BiCGStab,none,0,16,1,0.24093,1
OF,reference,CG,BiCGStab,none,0,16,1,0.249898,1
OF,reference,CG,BiCGStab,none,0,16,1,0.241805,1
OF,reference,CG,BiCGStab,none,0,16,1,0.235617,1
OF,reference,CG,BiCGStab,none,0,16,1,0.237543,1
OF,reference,CG,BiCGStab,none,0,16,1,0.244539,1
OF,reference,CG,BiCGStab,none,0,16,1,0.242597,1
OF,reference,CG,BiCGStab,none,0,16,1,0.240776,1
OF,reference,CG,BiCGStab,none,0,16,1,0.239531,1
OF,reference,CG,BiCGStab,none,0,16,1,0.241423,1
OF,reference,CG,BiCGStab,none,0,16,1,0.244571,1
OF,reference,CG,BiCGStab,none,0,16,1,0.243535,1
OF,reference,CG,BiCGStab,none,0,16,1,0.240061,1
OF,reference,CG,BiCGStab,none,0,16,1,0.237466,1
OF,reference,CG,BiCGStab,none,0,16,1,0.240004,1
OF,reference,CG,BiCGStab,none,0,16,1,0.240143,1
OF,reference,CG,BiCGStab,none,0,16,1,0.239519,1
OF,reference,CG,BiCGStab,none,0,16,1,0.246464,1
OF,reference,CG,BiCGStab,none,0,16,1,0.244671,1
OF,reference,CG,BiCGStab,none,0,16,1,0.241049,1
OF,reference,CG,BiCGStab,none,0,16,1,0.24046,1
OF,reference,CG,BiCGStab,none,0,16,1,0.23846,1
OF,reference,CG,BiCGStab,none,0,16,1,0.238081,1
OF,reference,CG,BiCGStab,none,0,16,1,0.239628,1
OF,reference,CG,BiCGStab,none,0,16,1,0.239365,1
OF,reference,CG,BiCGStab,none,0,16,1,0.238436,1
OF,reference,CG,BiCGStab,none,0,16,1,0.239499,1
OF,reference,CG,BiCGStab,none,0,16,1,0.251613,1
OF,reference,CG,BiCGStab,none,0,16,1,0.246266,1
OF,reference,CG,BiCGStab,none,0,16,1,0.243462,1
OF,reference,CG,BiCGStab,none,0,16,1,0.245036,1
OF,reference,CG,BiCGStab,none,0,16,1,0.245763,1
OF,reference,CG,BiCGStab,none,0,16,1,0.23673,1
OF,reference,CG,BiCGStab,none,0,16,1,0.241419,1
OF,reference,CG,BiCGStab,none,0,16,1,0.244716,1
OF,reference,CG,BiCGStab,none,0,16,1,0.245682,1
OF,reference,CG,BiCGStab,none,0,16,1,0.239026,1
OF,reference,CG,BiCGStab,none,0,16,1,0.24097,1
OF,reference,CG,BiCGStab,none,0,16,1,0.239211,1
OF,reference,CG,BiCGStab,none,0,16,1,0.243438,1
OF,reference,CG,BiCGStab,none,0,16,1,0.246923,1
OF,reference,CG,BiCGStab,none,0,16,1,0.241253,1
OF,reference,CG,BiCGStab,none,0,16,1,0.238219,1
OF,reference,CG,BiCGStab,none,0,16,1,0.237537,1
OF,reference,CG,BiCGStab,none,0,16,1,0.241581,1
OF,reference,CG,BiCGStab,none,0,16,1,0.238225,1
OF,reference,CG,BiCGStab,none,0,16,1,0.243467,1
OF,reference,CG,BiCGStab,none,0,16,1,0.243979,1
OF,reference,CG,BiCGStab,none,0,16,1,0.239577,1
OF,reference,CG,BiCGStab,none,0,16,1,0.238501,1
OF,reference,CG,BiCGStab,none,0,16,1,0.239071,1
OF,reference,CG,BiCGStab,none,0,16,1,0.239091,1
OF,reference,CG,BiCGStab,none,0,16,1,0.240178,1
OF,reference,CG,BiCGStab,none,0,16,1,0.238443,1
OF,reference,CG,BiCGStab,none,0,16,1,0.236986,1
OF,reference,CG,BiCGStab,none,0,16,1,0.240206,1
OF,reference,CG,BiCGStab,none,0,16,1,0.242817,1
OF,reference,CG,BiCGStab,none,0,16,1,0.247794,1
OF,reference,CG,BiCGStab,none,0,16,1,0.24567,1
OF,reference,CG,BiCGStab,none,0,16,1,0.244624,1
OF,reference,CG,BiCGStab,none,0,16,1,0.240354,1
OF,reference,CG,BiCGStab,none,0,16,1,0.239868,1
OF,reference,CG,BiCGStab,none,0,16,1,0.246297,1
OF,reference,CG,BiCGStab,none,0,16,1,0.24302,1
OF,reference,CG,BiCGStab,none,0,16,1,0.23708,1
OF,reference,CG,BiCGStab,none,0,16,1,0.239301,1
OF,reference,CG,BiCGStab,none,0,16,1,0.24636,1
OF,reference,CG,BiCGStab,none,0,16,1,0.24398,1
OF,reference,CG,BiCGStab,none,0,16,1,0.239958,1
OF,reference,CG,BiCGStab,none,0,16,1,0.250164,1
OF,reference,CG,BiCGStab,none,0,16,1,0.236969,1
OF,reference,CG,BiCGStab,none,0,16,1,0.247045,1
OF,reference,CG,BiCGStab,none,0,16,1,0.242908,1
OF,reference,CG,BiCGStab,none,0,16,1,0.237754,1
OF,reference,CG,BiCGStab,none,0,16,1,0.239987,1
OF,reference,CG,BiCGStab,none,0,16,1,0.239816,1
OF,reference,CG,BiCGStab,none,0,16,1,0.243114,1
OF,reference,CG,BiCGStab,none,0,16,1,0.239879,1
OF,reference,CG,BiCGStab,none,0,16,1,0.250276,1
OF,reference,CG,BiCGStab,none,0,16,1,0.243717,1
OF,reference,CG,BiCGStab,none,0,16,1,0.24077,1
OF,reference,CG,BiCGStab,none,0,16,1,0.240473,1
OF,reference,CG,BiCGStab,none,0,16,1,0.240211,1
OF,reference,CG,BiCGStab,none,0,16,1,0.23755,1
OF,reference,CG,BiCGStab,none,0,16,1,0.238227,1
OF,reference,CG,BiCGStab,none,0,16,1,0.239358,1
OF,reference,CG,BiCGStab,none,0,16,1,0.23832,1
OF,reference,CG,BiCGStab,none,0,16,1,0.240112,1
OF,reference,CG,BiCGStab,none,0,16,1,0.242666,1
OF,reference,CG,BiCGStab,none,0,16,1,0.245893,1
OF,reference,CG,BiCGStab,none,0,16,1,0.24774,1
OF,reference,CG,BiCGStab,none,0,16,1,0.245161,1
OF,reference,CG,BiCGStab,none,0,16,1,0.240572,1
OF,reference,CG,BiCGStab,none,0,16,1,0.23879,1
OF,reference,CG,BiCGStab,none,0,16,1,0.246346,1
OF,reference,CG,BiCGStab,none,0,16,1,0.244617,1
OF,reference,CG,BiCGStab,none,0,16,1,0.23762,1
OF,reference,CG,BiCGStab,none,0,16,1,0.239809,1
OF,reference,CG,BiCGStab,none,0,16,1,0.244354,1
OF,reference,CG,BiCGStab,none,0,16,1,0.245968,1
OF,reference,CG,BiCGStab,none,0,16,1,0.240557,1
OF,reference,CG,BiCGStab,none,0,16,1,0.237516,1
OF,reference,CG,BiCGStab,none,0,16,1,0.239007,1
OF,reference,CG,BiCGStab,none,0,16,1,0.244519,1
OF,reference,CG,BiCGStab,none,0,16,1,0.244056,1
OF,reference,CG,BiCGStab,none,0,16,1,0.241243,1
OF,reference,CG,BiCGStab,none,0,16,1,0.238062,1
OF,reference,CG,BiCGStab,none,0,16,1,0.238265,1
OF,reference,CG,BiCGStab,none,0,16,1,0.238776,1
OF,reference,CG,BiCGStab,none,0,16,1,0.239032,1
OF,reference,CG,BiCGStab,none,0,16,1,0.258913,1
OF,reference,CG,BiCGStab,none,0,16,1,0.246078,1
OF,reference,CG,BiCGStab,none,0,16,1,0.237811,1
OF,reference,CG,BiCGStab,none,0,16,1,0.240107,1
OF,reference,CG,BiCGStab,none,0,16,1,0.237076,1
OF,reference,CG,BiCGStab,none,0,16,1,0.237533,1
OF,reference,CG,BiCGStab,none,0,16,1,0.239194,1
OF,reference,CG,BiCGStab,none,0,16,1,0.2363,1
OF,reference,CG,BiCGStab,none,0,16,1,0.240124,1
OF,reference,CG,BiCGStab,none,0,16,1,0.239092,1
OF,reference,CG,BiCGStab,none,0,16,1,0.246948,1
OF,reference,CG,BiCGStab,none,0,16,1,0.24498,1
OF,reference,CG,BiCGStab,none,0,16,1,0.245892,1
OF,reference,CG,BiCGStab,none,0,16,1,0.245041,1
OF,reference,CG,BiCGStab,none,0,16,1,0.240589,1
OF,reference,CG,BiCGStab,none,0,16,1,0.237616,1
OF,reference,CG,BiCGStab,none,0,16,1,0.242406,1
OF,reference,CG,BiCGStab,none,0,16,1,0.243445,1
OF,reference,CG,BiCGStab,none,0,16,1,0.237034,1
OF,reference,CG,BiCGStab,none,0,16,1,0.239885,1
OF,reference,CG,BiCGStab,none,0,16,1,0.245731,1
OF,reference,CG,BiCGStab,none,0,16,1,0.254007,1
OF,reference,CG,BiCGStab,none,0,16,1,0.239161,1
OF,reference,CG,BiCGStab,none,0,16,1,0.239582,1
OF,reference,CG,BiCGStab,none,0,16,1,0.235161,1
OF,reference,CG,BiCGStab,none,0,16,1,0.245303,1
OF,reference,CG,BiCGStab,none,0,16,1,0.24787,1
OF,reference,CG,BiCGStab,none,0,16,1,0.241457,1
OF,reference,CG,BiCGStab,none,0,16,1,0.239228,1
OF,reference,CG,BiCGStab,none,0,16,1,0.237318,1
OF,reference,CG,BiCGStab,none,0,16,1,0.241571,1
OF,reference,CG,BiCGStab,none,0,16,1,0.237869,1
OF,reference,CG,BiCGStab,none,0,16,1,0.245266,1
OF,reference,CG,BiCGStab,none,0,16,1,0.242282,1
OF,reference,CG,BiCGStab,none,0,16,1,0.241447,1
OF,reference,CG,BiCGStab,none,0,16,1,0.236613,1
OF,reference,CG,BiCGStab,none,0,16,1,0.239613,1
OF,reference,CG,BiCGStab,none,0,16,1,0.240227,1
OF,reference,CG,BiCGStab,none,0,16,1,0.241126,1
OF,reference,CG,BiCGStab,none,0,16,1,0.237129,1
OF,reference,CG,BiCGStab,none,0,16,1,0.239833,1
OF,reference,CG,BiCGStab,none,0,16,1,0.240864,1
OF,reference,CG,BiCGStab,none,0,16,1,0.245231,1
OF,reference,CG,BiCGStab,none,0,16,1,0.242556,1
OF,reference,CG,BiCGStab,none,0,16,1,0.241565,1
OF,reference,CG,BiCGStab,none,0,16,1,0.242467,1
OF,reference,CG,BiCGStab,none,0,16,1,0.245939,1
OF,reference,CG,BiCGStab,none,0,16,1,0.244691,1
OF,reference,CG,BiCGStab,none,0,16,1,0.236501,1
OF,reference,CG,BiCGStab,none,0,16,1,0.238373,1
OF,reference,CG,BiCGStab,none,0,16,1,0.246077,1
OF,reference,CG,BiCGStab,none,0,16,1,0.244945,1
OF,reference,CG,BiCGStab,none,0,16,1,0.241637,1
OF,reference,CG,BiCGStab,none,0,16,1,0.24205,1
OF,reference,CG,BiCGStab,none,0,16,1,0.237116,1
OF,reference,CG,BiCGStab,none,0,16,1,0.248364,1
OF,reference,CG,BiCGStab,none,0,16,1,0.244586,1
OF,reference,CG,BiCGStab,none,0,16,1,0.239639,1
OF,reference,CG,BiCGStab,none,0,16,1,0.238172,1
OF,reference,CG,BiCGStab,none,0,16,1,0.238973,1
OF,reference,CG,BiCGStab,none,0,16,1,0.239175,1
OF,reference,CG,BiCGStab,none,0,16,1,0.240729,1
OF,reference,CG,BiCGStab,none,0,16,1,0.247379,1
OF,reference,CG,BiCGStab,none,0,16,1,0.245913,1
OF,reference,CG,BiCGStab,none,0,16,1,0.239553,1
OF,reference,BiCGStab,BiCGStab,none,0,16,1,0.271963,1
OF,reference,BiCGStab,BiCGStab,none,0,16,1,0.267286,1
OF,reference,BiCGStab,BiCGStab,none,0,16,1,0.265381,1
OF,reference,BiCGStab,BiCGStab,none,0,16,1,0.268025,1
OF,reference,BiCGStab,BiCGStab,none,0,16,1,0.268515,1
OF,reference,BiCGStab,BiCGStab,none,0,16,1,0.266557,1
OF,reference,BiCGStab,BiCGStab,none,0,16,1,0.270733,1
OF,reference,BiCGStab,BiCGStab,none,0,16,1,0.271891,1
OF,reference,BiCGStab,BiCGStab,none,0,16,1,0.26913,1
OF,reference,BiCGStab,BiCGStab,none,0,16,1,0.272826,1
OF,reference,BiCGStab,BiCGStab,none,0,16,1,0.273479,1
OF,reference,BiCGStab,BiCGStab,none,0,16,1,0.269356,1
OF,reference,BiCGStab,BiCGStab,none,0,16,1,0.270215,1
OF,reference,BiCGStab,BiCGStab,none,0,16,1,0.272359,1
OF,reference,BiCGStab,BiCGStab,none,0,16,1,0.273034,1
OF,reference,BiCGStab,BiCGStab,none,0,16,1,0.266678,1
OF,reference,BiCGStab,BiCGStab,none,0,16,1,0.281795,1
OF,reference,BiCGStab,BiCGStab,none,0,16,1,0.272888,1
OF,reference,BiCGStab,BiCGStab,none,0,16,1,0.278099,1
OF,reference,BiCGStab,BiCGStab,none,0,16,1,0.267535,1
OF,reference,BiCGStab,BiCGStab,none,0,16,1,0.266571,1
OF,reference,BiCGStab,BiCGStab,none,0,16,1,0.267389,1
OF,reference,BiCGStab,BiCGStab,none,0,16,1,0.273305,1
OF,reference,BiCGStab,BiCGStab,none,0,16,1,0.27252,1
OF,reference,BiCGStab,BiCGStab,none,0,16,1,0.267897,1
OF,reference,BiCGStab,BiCGStab,none,0,16,1,0.272856,1
OF,reference,BiCGStab,BiCGStab,none,0,16,1,0.267245,1
OF,reference,BiCGStab,BiCGStab,none,0,16,1,0.269417,1
OF,reference,BiCGStab,BiCGStab,none,0,16,1,0.266465,1
OF,reference,BiCGStab,BiCGStab,none,0,16,1,0.275107,1
OF,reference,BiCGStab,BiCGStab,none,0,16,1,0.274194,1
OF,reference,BiCGStab,BiCGStab,none,0,16,1,0.268233,1
OF,reference,BiCGStab,BiCGStab,none,0,16,1,0.267115,1
OF,reference,BiCGStab,BiCGStab,none,0,16,1,0.268354,1
OF,reference,BiCGStab,BiCGStab,none,0,16,1,0.269069,1
OF,reference,BiCGStab,BiCGStab,none,0,16,1,0.266844,1
OF,reference,BiCGStab,BiCGStab,none,0,16,1,0.27257,1
OF,reference,BiCGStab,BiCGStab,none,0,16,1,0.268387,1
OF,reference,BiCGStab,BiCGStab,none,0,16,1,0.266706,1
OF,reference,BiCGStab,BiCGStab,none,0,16,1,0.270197,1
OF,reference,BiCGStab,BiCGStab,none,0,16,1,0.272689,1
OF,reference,BiCGStab,BiCGStab,none,0,16,1,0.273283,1
OF,reference,BiCGStab,BiCGStab,none,0,16,1,0.273308,1
OF,reference,BiCGStab,BiCGStab,none,0,16,1,0.269921,1
OF,reference,BiCGStab,BiCGStab,none,0,16,1,0.271042,1
OF,reference,BiCGStab,BiCGStab,none,0,16,1,0.272251,1
OF,reference,BiCGStab,BiCGStab,none,0,16,1,0.269746,1
OF,reference,BiCGStab,BiCGStab,none,0,16,1,0.268144,1
OF,reference,BiCGStab,BiCGStab,none,0,16,1,0.268777,1
OF,reference,BiCGStab,BiCGStab,none,0,16,1,0.272714,1
OF,reference,BiCGStab,BiCGStab,none,0,16,1,0.274272,1
OF,reference,BiCGStab,BiCGStab,none,0,16,1,0.271253,1
OF,reference,BiCGStab,BiCGStab,none,0,16,1,0.268771,1
OF,reference,BiCGStab,BiCGStab,none,0,16,1,0.268579,1
OF,reference,BiCGStab,BiCGStab,none,0,16,1,0.272449,1
OF,reference,BiCGStab,BiCGStab,none,0,16,1,0.27657,1
OF,reference,BiCGStab,BiCGStab,none,0,16,1,0.267322,1
OF,reference,BiCGStab,BiCGStab,none,0,16,1,0.270026,1
OF,reference,BiCGStab,BiCGStab,none,0,16,1,0.267694,1
OF,reference,BiCGStab,BiCGStab,none,0,16,1,0.266419,1
OF,reference,BiCGStab,BiCGStab,none,0,16,1,0.267879,1
OF,reference,BiCGStab,BiCGStab,none,0,16,1,0.272784,1
OF,reference,BiCGStab,BiCGStab,none,0,16,1,0.277124,1
OF,reference,BiCGStab,BiCGStab,none,0,16,1,0.267769,1
OF,reference,BiCGStab,BiCGStab,none,0,16,1,0.265159,1
OF,reference,BiCGStab,BiCGStab,none,0,16,1,0.264876,1
OF,reference,BiCGStab,BiCGStab,none,0,16,1,0.265879,1
OF,reference,BiCGStab,BiCGStab,none,0,16,1,0.265418,1
OF,reference,BiCGStab,BiCGStab,none,0,16,1,0.266287,1
OF,reference,BiCGStab,BiCGStab,none,0,16,1,0.270036,1
OF,reference,BiCGStab,BiCGStab,none,0,16,1,0.268414,1
OF,reference,BiCGStab,BiCGStab,none,0,16,1,0.272414,1
OF,reference,BiCGStab,BiCGStab,none,0,16,1,0.273951,1
OF,reference,BiCGStab,BiCGStab,none,0,16,1,0.274067,1
OF,reference,BiCGStab,BiCGStab,none,0,16,1,0.273152,1
OF,reference,BiCGStab,BiCGStab,none,0,16,1,0.268374,1
OF,reference,BiCGStab,BiCGStab,none,0,16,1,0.267309,1
OF,reference,BiCGStab,BiCGStab,none,0,16,1,0.274183,1
OF,reference,BiCGStab,BiCGStab,none,0,16,1,0.274585,1
OF,reference,BiCGStab,BiCGStab,none,0,16,1,0.267262,1
OF,reference,BiCGStab,BiCGStab,none,0,16,1,0.271066,1
OF,reference,BiCGStab,BiCGStab,none,0,16,1,0.273098,1
OF,reference,BiCGStab,BiCGStab,none,0,16,1,0.272577,1
OF,reference,BiCGStab,BiCGStab,none,0,16,1,0.269034,1
OF,reference,BiCGStab,BiCGStab,none,0,16,1,0.267992,1
OF,reference,BiCGStab,BiCGStab,none,0,16,1,0.266206,1
OF,reference,BiCGStab,BiCGStab,none,0,16,1,0.273529,1
OF,reference,BiCGStab,BiCGStab,none,0,16,1,0.274648,1
OF,reference,BiCGStab,BiCGStab,none,0,16,1,0.267365,1
OF,reference,BiCGStab,BiCGStab,none,0,16,1,0.270518,1
OF,reference,BiCGStab,BiCGStab,none,0,16,1,0.266692,1
OF,reference,BiCGStab,BiCGStab,none,0,16,1,0.26961,1
OF,reference,BiCGStab,BiCGStab,none,0,16,1,0.276418,1
OF,reference,BiCGStab,BiCGStab,none,0,16,1,0.276391,1
OF,reference,BiCGStab,BiCGStab,none,0,16,1,0.267805,1
OF,reference,BiCGStab,BiCGStab,none,0,16,1,0.267252,1
OF,reference,BiCGStab,BiCGStab,none,0,16,1,0.266932,1
OF,reference,BiCGStab,BiCGStab,none,0,16,1,0.269116,1
OF,reference,BiCGStab,BiCGStab,none,0,16,1,0.268749,1
OF,reference,BiCGStab,BiCGStab,none,0,16,1,0.268639,1
OF,reference,BiCGStab,BiCGStab,none,0,16,1,0.266734,1
OF,reference,BiCGStab,BiCGStab,none,0,16,1,0.267965,1
OF,reference,BiCGStab,BiCGStab,none,0,16,1,0.27751,1
OF,reference,BiCGStab,BiCGStab,none,0,16,1,0.270761,1
OF,reference,BiCGStab,BiCGStab,none,0,16,1,0.271725,1
OF,reference,BiCGStab,BiCGStab,none,0,16,1,0.274014,1
OF,reference,BiCGStab,BiCGStab,none,0,16,1,0.269253,1
OF,reference,BiCGStab,BiCGStab,none,0,16,1,0.269237,1
OF,reference,BiCGStab,BiCGStab,none,0,16,1,0.27449,1
OF,reference,BiCGStab,BiCGStab,none,0,16,1,0.27501,1
OF,reference,BiCGStab,BiCGStab,none,0,16,1,0.266986,1
OF,reference,BiCGStab,BiCGStab,none,0,16,1,0.267603,1
OF,reference,BiCGStab,BiCGStab,none,0,16,1,0.270326,1
OF,reference,BiCGStab,BiCGStab,none,0,16,1,0.274237,1
OF,reference,BiCGStab,BiCGStab,none,0,16,1,0.270976,1
OF,reference,BiCGStab,BiCGStab,none,0,16,1,0.266627,1
OF,reference,BiCGStab,BiCGStab,none,0,16,1,0.270715,1
OF,reference,BiCGStab,BiCGStab,none,0,16,1,0.271401,1
OF,reference,BiCGStab,BiCGStab,none,0,16,1,0.272246,1
OF,reference,BiCGStab,BiCGStab,none,0,16,1,0.267527,1
OF,reference,BiCGStab,BiCGStab,none,0,16,1,0.268203,1
OF,reference,BiCGStab,BiCGStab,none,0,16,1,0.268942,1
OF,reference,BiCGStab,BiCGStab,none,0,16,1,0.268494,1
OF,reference,BiCGStab,BiCGStab,none,0,16,1,0.264131,1
OF,reference,BiCGStab,BiCGStab,none,0,16,1,0.27151,1
OF,reference,BiCGStab,BiCGStab,none,0,16,1,0.275352,1
OF,reference,BiCGStab,BiCGStab,none,0,16,1,0.268168,1
OF,reference,BiCGStab,BiCGStab,none,0,16,1,0.268662,1
OF,reference,BiCGStab,BiCGStab,none,0,16,1,0.266137,1
OF,reference,BiCGStab,BiCGStab,none,0,16,1,0.269445,1
OF,reference,BiCGStab,BiCGStab,none,0,16,1,0.267997,1
OF,reference,BiCGStab,BiCGStab,none,0,16,1,0.266524,1
OF,reference,BiCGStab,BiCGStab,none,0,16,1,0.267324,1
OF,reference,BiCGStab,BiCGStab,none,0,16,1,0.26839,1
OF,reference,BiCGStab,BiCGStab,none,0,16,1,0.266469,1
OF,reference,BiCGStab,BiCGStab,none,0,16,1,0.272159,1
OF,reference,BiCGStab,BiCGStab,none,0,16,1,0.273739,1
OF,reference,BiCGStab,BiCGStab,none,0,16,1,0.276455,1
OF,reference,BiCGStab,BiCGStab,none,0,16,1,0.266407,1
OF,reference,BiCGStab,BiCGStab,none,0,16,1,0.267484,1
OF,reference,BiCGStab,BiCGStab,none,0,16,1,0.274,1
OF,reference,BiCGStab,BiCGStab,none,0,16,1,0.273603,1
OF,reference,BiCGStab,BiCGStab,none,0,16,1,0.266552,1
OF,reference,BiCGStab,BiCGStab,none,0,16,1,0.267093,1
OF,reference,BiCGStab,BiCGStab,none,0,16,1,0.274521,1
OF,reference,BiCGStab,BiCGStab,none,0,16,1,0.272808,1
OF,reference,BiCGStab,BiCGStab,none,0,16,1,0.271987,1
OF,reference,BiCGStab,BiCGStab,none,0,16,1,0.268055,1
OF,reference,BiCGStab,BiCGStab,none,0,16,1,0.267205,1
OF,reference,BiCGStab,BiCGStab,none,0,16,1,0.270231,1
OF,reference,BiCGStab,BiCGStab,none,0,16,1,0.275122,1
OF,reference,BiCGStab,BiCGStab,none,0,16,1,0.268599,1
OF,reference,BiCGStab,BiCGStab,none,0,16,1,0.26754,1
OF,reference,BiCGStab,BiCGStab,none,0,16,1,0.267464,1
OF,reference,BiCGStab,BiCGStab,none,0,16,1,0.270818,1
OF,reference,BiCGStab,BiCGStab,none,0,16,1,0.266552,1
OF,reference,BiCGStab,BiCGStab,none,0,16,1,0.274605,1
OF,reference,BiCGStab,BiCGStab,none,0,16,1,0.27297,1
OF,reference,BiCGStab,BiCGStab,none,0,16,1,0.267541,1
OF,reference,BiCGStab,BiCGStab,none,0,16,1,0.266319,1
OF,reference,BiCGStab,BiCGStab,none,0,16,1,0.268746,1
OF,reference,BiCGStab,BiCGStab,none,0,16,1,0.26764,1
OF,reference,BiCGStab,BiCGStab,none,0,16,1,0.266997,1
OF,reference,BiCGStab,BiCGStab,none,0,16,1,0.26706,1
OF,reference,BiCGStab,BiCGStab,none,0,16,1,0.268771,1
OF,reference,BiCGStab,BiCGStab,none,0,16,1,0.270736,1
OF,reference,BiCGStab,BiCGStab,none,0,16,1,0.272164,1
OF,reference,BiCGStab,BiCGStab,none,0,16,1,0.274379,1
OF,reference,BiCGStab,BiCGStab,none,0,16,1,0.274606,1
OF,reference,BiCGStab,BiCGStab,none,0,16,1,0.277283,1
OF,reference,BiCGStab,BiCGStab,none,0,16,1,0.268684,1
OF,reference,BiCGStab,BiCGStab,none,0,16,1,0.269853,1
OF,reference,BiCGStab,BiCGStab,none,0,16,1,0.274069,1
OF,reference,BiCGStab,BiCGStab,none,0,16,1,0.276855,1
OF,reference,BiCGStab,BiCGStab,none,0,16,1,0.266163,1
OF,reference,BiCGStab,BiCGStab,none,0,16,1,0.267502,1
OF,reference,BiCGStab,BiCGStab,none,0,16,1,0.274881,1
OF,reference,BiCGStab,BiCGStab,none,0,16,1,0.275857,1
OF,reference,BiCGStab,BiCGStab,none,0,16,1,0.268197,1
OF,reference,BiCGStab,BiCGStab,none,0,16,1,0.266977,1
OF,reference,BiCGStab,BiCGStab,none,0,16,1,0.268593,1
OF,reference,BiCGStab,BiCGStab,none,0,16,1,0.270483,1
OF,reference,BiCGStab,BiCGStab,none,0,16,1,0.28244,1
OF,reference,BiCGStab,BiCGStab,none,0,16,1,0.267996,1
OF,reference,BiCGStab,BiCGStab,none,0,16,1,0.272566,1
OF,reference,BiCGStab,BiCGStab,none,0,16,1,0.26842,1
OF,reference,BiCGStab,BiCGStab,none,0,16,1,0.268548,1
OF,reference,BiCGStab,BiCGStab,none,0,16,1,0.267505,1
OF,reference,BiCGStab,BiCGStab,none,0,16,1,0.276019,1
OF,reference,BiCGStab,BiCGStab,none,0,16,1,0.271284,1
OF,reference,BiCGStab,BiCGStab,none,0,16,1,0.269573,1
OF,reference,BiCGStab,BiCGStab,none,0,16,1,0.270292,1
OF,reference,BiCGStab,BiCGStab,none,0,16,1,0.267685,1
OF,reference,BiCGStab,BiCGStab,none,0,16,1,0.266248,1
OF,reference,BiCGStab,BiCGStab,none,0,16,1,0.269554,1
OF,reference,BiCGStab,BiCGStab,none,0,16,1,0.268398,1
OF,reference,BiCGStab,BiCGStab,none,0,16,1,0.267797,1
OF,reference,BiCGStab,BiCGStab,none,0,16,1,0.268124,1
OF,reference,BiCGStab,BiCGStab,none,0,16,1,0.268415,1
OF,reference,BiCGStab,BiCGStab,none,0,16,1,0.273945,1
OF,reference,BiCGStab,BiCGStab,none,0,16,1,0.284686,1
OF,reference,BiCGStab,BiCGStab,none,0,16,1,0.277426,1
OF,reference,BiCGStab,BiCGStab,none,0,16,1,0.273021,1
OF,reference,BiCGStab,BiCGStab,none,0,16,1,0.270166,1
OF,reference,BiCGStab,BiCGStab,none,0,16,1,0.267552,1
OF,reference,BiCGStab,BiCGStab,none,0,16,1,0.27418,1
OF,reference,BiCGStab,BiCGStab,none,0,16,1,0.27644,1
OF,reference,BiCGStab,BiCGStab,none,0,16,1,0.270677,1
OF,reference,BiCGStab,BiCGStab,none,0,16,1,0.269327,1
OF,reference,BiCGStab,BiCGStab,none,0,16,1,0.27005,1
OF,reference,BiCGStab,BiCGStab,none,0,16,1,0.273063,1
OF,reference,BiCGStab,BiCGStab,none,0,16,1,0.272934,1
OF,reference,BiCGStab,BiCGStab,none,0,16,1,0.271128,1
OF,reference,BiCGStab,BiCGStab,none,0,16,1,0.269243,1
OF,reference,BiCGStab,BiCGStab,none,0,16,1,0.267313,1
OF,reference,BiCGStab,BiCGStab,none,0,16,1,0.266902,1
OF,reference,BiCGStab,BiCGStab,none,0,16,1,0.268514,1
OF,reference,BiCGStab,BiCGStab,none,0,16,1,0.27108,1
OF,reference,BiCGStab,BiCGStab,none,0,16,1,0.272748,1
OF,reference,BiCGStab,BiCGStab,none,0,16,1,0.266292,1
OF,reference,BiCGStab,BiCGStab,none,0,16,1,0.267292,1
OF,reference,BiCGStab,BiCGStab,none,0,16,1,0.265967,1
OF,reference,CG,BiCGStab,none,0,32,1,2.052991,1
OF,reference,CG,BiCGStab,none,0,32,1,2.040239,1
OF,reference,CG,BiCGStab,none,0,32,1,2.041318,1
OF,reference,CG,BiCGStab,none,0,32,1,2.075687,1
OF,reference,CG,BiCGStab,none,0,32,1,2.048808,1
OF,reference,CG,BiCGStab,none,0,32,1,2.042238,1
OF,reference,CG,BiCGStab,none,0,32,1,2.040614,1
OF,reference,CG,BiCGStab,none,0,32,1,2.079963,1
OF,reference,CG,BiCGStab,none,0,32,1,2.045095,1
OF,reference,CG,BiCGStab,none,0,32,1,2.045634,1
OF,reference,CG,BiCGStab,none,0,32,1,2.053199,1
OF,reference,CG,BiCGStab,none,0,32,1,2.059819,1
OF,reference,CG,BiCGStab,none,0,32,1,2.066934,1
OF,reference,CG,BiCGStab,none,0,32,1,2.048875,1
OF,reference,CG,BiCGStab,none,0,32,1,2.059297,1
OF,reference,CG,BiCGStab,none,0,32,1,2.050637,1
OF,reference,CG,BiCGStab,none,0,32,1,2.043636,1
OF,reference,CG,BiCGStab,none,0,32,1,2.043524,1
OF,reference,CG,BiCGStab,none,0,32,1,2.045863,1
OF,reference,CG,BiCGStab,none,0,32,1,2.074435,1
OF,reference,CG,BiCGStab,none,0,32,1,2.04115,1
OF,reference,CG,BiCGStab,none,0,32,1,2.043964,1
OF,reference,CG,BiCGStab,none,0,32,1,2.042715,1
OF,reference,CG,BiCGStab,none,0,32,1,2.039053,1
OF,reference,CG,BiCGStab,none,0,32,1,2.036734,1
OF,reference,CG,BiCGStab,none,0,32,1,2.044588,1
OF,reference,CG,BiCGStab,none,0,32,1,2.075408,1
OF,reference,CG,BiCGStab,none,0,32,1,2.045549,1
OF,reference,CG,BiCGStab,none,0,32,1,2.04748,1
OF,reference,CG,BiCGStab,none,0,32,1,2.043076,1
OF,reference,BiCGStab,BiCGStab,none,0,32,1,2.632915,1
OF,reference,BiCGStab,BiCGStab,none,0,32,1,2.605177,1
OF,reference,BiCGStab,BiCGStab,none,0,32,1,2.604094,1
OF,reference,BiCGStab,BiCGStab,none,0,32,1,2.634277,1
OF,reference,BiCGStab,BiCGStab,none,0,32,1,2.596568,1
OF,reference,BiCGStab,BiCGStab,none,0,32,1,2.603889,1
OF,reference,BiCGStab,BiCGStab,none,0,32,1,2.606812,1
OF,reference,BiCGStab,BiCGStab,none,0,32,1,2.639799,1
OF,reference,BiCGStab,BiCGStab,none,0,32,1,2.62557,1
OF,reference,BiCGStab,BiCGStab,none,0,32,1,2.602411,1
OF,reference,BiCGStab,BiCGStab,none,0,32,1,2.604963,1
OF,reference,BiCGStab,BiCGStab,none,0,32,1,2.610277,1
OF,reference,BiCGStab,BiCGStab,none,0,32,1,2.636159,1
OF,reference,BiCGStab,BiCGStab,none,0,32,1,2.593812,1
OF,reference,BiCGStab,BiCGStab,none,0,32,1,2.637603,1
OF,reference,BiCGStab,BiCGStab,none,0,32,1,2.595285,1
OF,reference,BiCGStab,BiCGStab,none,0,32,1,2.60383,1
OF,reference,BiCGStab,BiCGStab,none,0,32,1,2.635067,1
OF,reference,BiCGStab,BiCGStab,none,0,32,1,2.604171,1
OF,reference,BiCGStab,BiCGStab,none,0,32,1,2.609544,1
OF,reference,BiCGStab,BiCGStab,none,0,32,1,2.621499,1
OF,reference,BiCGStab,BiCGStab,none,0,32,1,2.607007,1
OF,reference,BiCGStab,BiCGStab,none,0,32,1,2.611924,1
OF,reference,CG,BiCGStab,none,0,64,1,31.664258,1
OF,reference,CG,BiCGStab,none,0,64,1,31.747454,1
OF,reference,CG,BiCGStab,none,0,64,1,31.674556,1
OF,reference,CG,BiCGStab,none,0,64,1,32.064629,1
OF,reference,CG,BiCGStab,none,0,64,1,31.553849,1
OF,reference,BiCGStab,BiCGStab,none,0,64,1,43.699669,1
OF,reference,BiCGStab,BiCGStab,none,0,64,1,44.329054,1
OF,reference,BiCGStab,BiCGStab,none,0,64,1,43.985218,1
OF,reference,BiCGStab,BiCGStab,none,0,64,1,43.909984,1
OF,reference,BiCGStab,BiCGStab,none,0,64,1,43.625812,1
