backend,executor,solver-p,preconditioner,number_of_iterations,resolution,processes,run_time,success
OF,reference,CG,none,0,8,1,0.196342,1
OF,reference,CG,none,0,8,1,0.112995,1
OF,reference,CG,none,0,8,1,0.114902,1
OF,reference,CG,none,0,8,1,0.115705,1
OF,reference,CG,none,0,8,1,0.11355,1
OF,reference,CG,none,0,8,1,0.11592,1
OF,reference,CG,none,0,8,1,0.115923,1
OF,reference,CG,none,0,8,1,0.112887,1
OF,reference,CG,none,0,8,1,0.115747,1
OF,reference,CG,none,0,8,1,0.114678,1
OF,reference,CG,none,0,8,1,0.116011,1
OF,reference,CG,none,0,8,1,0.115999,1
OF,reference,CG,none,0,8,1,0.114227,1
OF,reference,CG,none,0,8,1,0.115269,1
OF,reference,CG,none,0,8,1,0.114859,1
OF,reference,CG,none,0,8,1,0.116672,1
OF,reference,CG,none,0,8,1,0.115102,1
OF,reference,CG,none,0,8,1,0.114341,1
OF,reference,CG,none,0,8,1,0.12242,1
OF,reference,CG,none,0,8,1,0.12559,1
OF,reference,CG,none,0,8,1,0.11881,1
OF,reference,CG,none,0,8,1,0.12153,1
OF,reference,CG,none,0,8,1,0.113749,1
OF,reference,CG,none,0,8,1,0.113753,1
OF,reference,CG,none,0,8,1,0.11587,1
OF,reference,CG,none,0,8,1,0.113911,1
OF,reference,CG,none,0,8,1,0.111498,1
OF,reference,CG,none,0,8,1,0.114016,1
OF,reference,CG,none,0,8,1,0.114486,1
OF,reference,CG,none,0,8,1,0.112606,1
OF,reference,CG,none,0,8,1,0.111375,1
OF,reference,CG,none,0,8,1,0.114113,1
OF,reference,CG,none,0,8,1,0.111816,1
OF,reference,CG,none,0,8,1,0.113166,1
OF,reference,CG,none,0,8,1,0.112605,1
OF,reference,CG,none,0,8,1,0.114427,1
OF,reference,CG,none,0,8,1,0.114083,1
OF,reference,CG,none,0,8,1,0.114808,1
OF,reference,CG,none,0,8,1,0.112746,1
OF,reference,CG,none,0,8,1,0.114104,1
OF,reference,CG,none,0,8,1,0.113785,1
OF,reference,CG,none,0,8,1,0.114413,1
OF,reference,CG,none,0,8,1,0.112451,1
OF,reference,CG,none,0,8,1,0.111734,1
OF,reference,CG,none,0,8,1,0.113749,1
OF,reference,CG,none,0,8,1,0.11338,1
OF,reference,CG,none,0,8,1,0.111973,1
OF,reference,CG,none,0,8,1,0.11353,1
OF,reference,CG,none,0,8,1,0.114204,1
OF,reference,CG,none,0,8,1,0.113114,1
OF,reference,CG,none,0,8,1,0.119857,1
OF,reference,CG,none,0,8,1,0.121698,1
OF,reference,CG,none,0,8,1,0.116428,1
OF,reference,CG,none,0,8,1,0.113915,1
OF,reference,CG,none,0,8,1,0.11374,1
OF,reference,CG,none,0,8,1,0.115939,1
OF,reference,CG,none,0,8,1,0.113485,1
OF,reference,CG,none,0,8,1,0.11245,1
OF,reference,CG,none,0,8,1,0.114287,1
OF,reference,CG,none,0,8,1,0.115215,1
OF,reference,CG,none,0,8,1,0.111851,1
OF,reference,CG,none,0,8,1,0.1125,1
OF,reference,CG,none,0,8,1,0.112389,1
OF,reference,CG,none,0,8,1,0.114531,1
OF,reference,CG,none,0,8,1,0.113553,1
OF,reference,CG,none,0,8,1,0.11196,1
OF,reference,CG,none,0,8,1,0.112351,1
OF,reference,CG,none,0,8,1,0.113412,1
OF,reference,CG,none,0,8,1,0.112907,1
OF,reference,CG,none,0,8,1,0.112886,1
OF,reference,CG,none,0,8,1,0.112473,1
OF,reference,CG,none,0,8,1,0.11304,1
OF,reference,CG,none,0,8,1,0.112752,1
OF,reference,CG,none,0,8,1,0.112856,1
OF,reference,CG,none,0,8,1,0.112491,1
OF,reference,CG,none,0,8,1,0.114524,1
OF,reference,CG,none,0,8,1,0.111341,1
OF,reference,CG,none,0,8,1,0.111479,1
OF,reference,CG,none,0,8,1,0.115107,1
OF,reference,CG,none,0,8,1,0.112553,1
OF,reference,CG,none,0,8,1,0.117069,1
OF,reference,CG,none,0,8,1,0.12092,1
OF,reference,CG,none,0,8,1,0.120151,1
OF,reference,CG,none,0,8,1,0.115171,1
OF,reference,CG,none,0,8,1,0.112961,1
OF,reference,CG,none,0,8,1,0.112016,1
OF,reference,CG,none,0,8,1,0.115723,1
OF,reference,CG,none,0,8,1,0.112156,1
OF,reference,CG,none,0,8,1,0.112679,1
OF,reference,CG,none,0,8,1,0.116686,1
OF,reference,CG,none,0,8,1,0.1127,1
OF,reference,CG,none,0,8,1,0.109687,1
OF,reference,CG,none,0,8,1,0.112225,1
OF,reference,CG,none,0,8,1,0.111579,1
OF,reference,CG,none,0,8,1,0.111605,1
OF,reference,CG,none,0,8,1,0.113923,1
OF,reference,CG,none,0,8,1,0.117049,1
OF,reference,CG,none,0,8,1,0.113862,1
OF,reference,CG,none,0,8,1,0.113546,1
OF,reference,CG,none,0,8,1,0.111359,1
OF,reference,CG,none,0,8,1,0.114586,1
OF,reference,CG,none,0,8,1,0.112166,1
OF,reference,CG,none,0,8,1,0.111449,1
OF,reference,CG,none,0,8,1,0.111338,1
OF,reference,CG,none,0,8,1,0.11288,1
OF,reference,CG,none,0,8,1,0.113959,1
OF,reference,CG,none,0,8,1,0.111997,1
OF,reference,CG,none,0,8,1,0.113275,1
OF,reference,CG,none,0,8,1,0.118449,1
OF,reference,CG,none,0,8,1,0.112336,1
OF,reference,CG,none,0,8,1,0.111941,1
OF,reference,CG,none,0,8,1,0.113164,1
OF,reference,CG,none,0,8,1,0.112241,1
OF,reference,CG,none,0,8,1,0.120752,1
OF,reference,CG,none,0,8,1,0.118714,1
OF,reference,CG,none,0,8,1,0.114092,1
OF,reference,CG,none,0,8,1,0.114448,1
OF,reference,CG,none,0,8,1,0.112653,1
OF,reference,CG,none,0,8,1,0.113241,1
OF,reference,CG,none,0,8,1,0.11223,1
OF,reference,CG,none,0,8,1,0.111416,1
OF,reference,CG,none,0,8,1,0.112561,1
OF,reference,CG,none,0,8,1,0.11347,1
OF,reference,CG,none,0,8,1,0.112318,1
OF,reference,CG,none,0,8,1,0.112165,1
OF,reference,CG,none,0,8,1,0.114763,1
OF,reference,CG,none,0,8,1,0.1138,1
OF,reference,CG,none,0,8,1,0.113011,1
OF,reference,CG,none,0,8,1,0.112338,1
OF,reference,CG,none,0,8,1,0.110321,1
OF,reference,CG,none,0,8,1,0.113162,1
OF,reference,CG,none,0,8,1,0.111048,1
OF,reference,CG,none,0,8,1,0.114944,1
OF,reference,CG,none,0,8,1,0.110836,1
OF,reference,CG,none,0,8,1,0.112896,1
OF,reference,CG,none,0,8,1,0.113358,1
OF,reference,CG,none,0,8,1,0.112206,1
OF,reference,CG,none,0,8,1,0.113219,1
OF,reference,CG,none,0,8,1,0.113113,1
OF,reference,CG,none,0,8,1,0.113311,1
OF,reference,CG,none,0,8,1,0.111381,1
OF,reference,CG,none,0,8,1,0.112873,1
OF,reference,CG,none,0,8,1,0.112505,1
OF,reference,CG,none,0,8,1,0.113148,1
OF,reference,CG,none,0,8,1,0.114016,1
OF,reference,CG,none,0,8,1,0.118105,1
OF,reference,CG,none,0,8,1,0.118994,1
OF,reference,CG,none,0,8,1,0.114951,1
OF,reference,CG,none,0,8,1,0.112219,1
OF,reference,CG,none,0,8,1,0.111416,1
OF,reference,CG,none,0,8,1,0.115498,1
OF,reference,CG,none,0,8,1,0.116208,1
OF,reference,CG,none,0,8,1,0.112901,1
OF,reference,CG,none,0,8,1,0.112676,1
OF,reference,CG,none,0,8,1,0.113503,1
OF,reference,CG,none,0,8,1,0.113162,1
OF,reference,CG,none,0,8,1,0.111975,1
OF,reference,CG,none,0,8,1,0.11433,1
OF,reference,CG,none,0,8,1,0.112429,1
OF,reference,CG,none,0,8,1,0.112776,1
OF,reference,CG,none,0,8,1,0.112602,1
OF,reference,CG,none,0,8,1,0.112802,1
OF,reference,CG,none,0,8,1,0.111737,1
OF,reference,CG,none,0,8,1,0.112349,1
OF,reference,CG,none,0,8,1,0.113681,1
OF,reference,CG,none,0,8,1,0.114282,1
OF,reference,CG,none,0,8,1,0.112517,1
OF,reference,CG,none,0,8,1,0.113253,1
OF,reference,CG,none,0,8,1,0.112719,1
OF,reference,CG,none,0,8,1,0.114607,1
OF,reference,CG,none,0,8,1,0.11579,1
OF,reference,CG,none,0,8,1,0.112056,1
OF,reference,CG,none,0,8,1,0.117457,1
OF,reference,CG,none,0,8,1,0.111135,1
OF,reference,CG,none,0,8,1,0.111836,1
OF,reference,CG,none,0,8,1,0.114043,1
OF,reference,CG,none,0,8,1,0.112052,1
OF,reference,CG,none,0,8,1,0.117802,1
OF,reference,CG,none,0,8,1,0.119748,1
OF,reference,CG,none,0,8,1,0.116678,1
OF,reference,CG,none,0,8,1,0.11161,1
OF,reference,CG,none,0,8,1,0.111782,1
OF,reference,CG,none,0,8,1,0.115705,1
OF,reference,CG,none,0,8,1,0.113539,1
OF,reference,CG,none,0,8,1,0.11411,1
OF,reference,CG,none,0,8,1,0.11442,1
OF,reference,CG,none,0,8,1,0.112934,1
OF,reference,CG,none,0,8,1,0.110882,1
OF,reference,CG,none,0,8,1,0.115409,1
OF,reference,CG,none,0,8,1,0.113537,1
OF,reference,CG,none,0,8,1,0.114601,1
OF,reference,CG,none,0,8,1,0.112794,1
OF,reference,CG,none,0,8,1,0.112716,1
OF,reference,CG,none,0,8,1,0.111683,1
OF,reference,CG,none,0,8,1,0.112092,1
OF,reference,CG,none,0,8,1,0.114535,1
OF,reference,CG,none,0,8,1,0.114031,1
OF,reference,CG,none,0,8,1,0.113416,1
OF,reference,CG,none,0,8,1,0.113592,1
OF,reference,CG,none,0,8,1,0.11314,1
OF,reference,CG,none,0,8,1,0.112422,1
OF,reference,CG,none,0,8,1,0.111911,1
OF,reference,CG,none,0,8,1,0.1132,1
OF,reference,CG,none,0,8,1,0.112577,1
OF,reference,CG,none,0,8,1,0.115881,1
OF,reference,CG,none,0,8,1,0.113262,1
OF,reference,CG,none,0,8,1,0.113824,1
OF,reference,CG,none,0,8,1,0.112109,1
OF,reference,CG,none,0,8,1,0.113091,1
OF,reference,CG,none,0,8,1,0.121981,1
OF,reference,CG,none,0,8,1,0.119851,1
OF,reference,CG,none,0,8,1,0.11414,1
OF,reference,CG,none,0,8,1,0.112948,1
OF,reference,CG,none,0,8,1,0.113527,1
OF,reference,CG,none,0,8,1,0.11344,1
OF,reference,CG,none,0,8,1,0.114745,1
OF,reference,CG,none,0,8,1,0.116214,1
OF,reference,CG,none,0,8,1,0.110135,1
OF,reference,CG,none,0,8,1,0.113323,1
OF,reference,CG,none,0,8,1,0.111358,1
OF,reference,CG,none,0,8,1,0.112359,1
OF,reference,CG,none,0,8,1,0.113094,1
OF,reference,CG,none,0,8,1,0.1113,1
OF,reference,CG,none,0,8,1,0.112173,1
OF,reference,CG,none,0,8,1,0.111771,1
OF,reference,CG,none,0,8,1,0.112446,1
OF,reference,CG,none,0,8,1,0.113927,1
OF,reference,CG,none,0,8,1,0.112626,1
OF,reference,CG,none,0,8,1,0.116279,1
OF,reference,CG,none,0,8,1,0.109747,1
OF,reference,CG,none,0,8,1,0.112529,1
OF,reference,CG,none,0,8,1,0.112425,1
OF,reference,CG,none,0,8,1,0.114362,1
OF,reference,CG,none,0,8,1,0.114795,1
OF,reference,CG,none,0,8,1,0.111749,1
OF,reference,CG,none,0,8,1,0.113554,1
OF,reference,CG,none,0,8,1,0.113358,1
OF,reference,CG,none,0,8,1,0.111233,1
OF,reference,CG,none,0,8,1,0.115169,1
OF,reference,CG,none,0,8,1,0.114022,1
OF,reference,CG,none,0,8,1,0.110465,1
OF,reference,CG,none,0,8,1,0.11955,1
OF,reference,CG,none,0,8,1,0.120104,1
OF,reference,CG,none,0,8,1,0.11364,1
OF,reference,CG,none,0,8,1,0.113323,1
OF,reference,CG,none,0,8,1,0.111596,1
OF,reference,CG,none,0,8,1,0.115556,1
OF,reference,CG,none,0,8,1,0.110691,1
OF,reference,CG,none,0,8,1,0.111926,1
OF,reference,CG,none,0,8,1,0.111566,1
OF,reference,CG,none,0,8,1,0.113231,1
OF,reference,CG,none,0,8,1,0.11273,1
OF,reference,CG,none,0,8,1,0.113294,1
OF,reference,CG,none,0,8,1,0.112957,1
OF,reference,CG,none,0,8,1,0.114627,1
OF,reference,CG,none,0,8,1,0.111573,1
OF,reference,CG,none,0,8,1,0.110953,1
OF,reference,CG,none,0,8,1,0.116082,1
OF,reference,CG,none,0,8,1,0.113484,1
OF,reference,CG,none,0,8,1,0.113674,1
OF,reference,CG,none,0,8,1,0.112648,1
OF,reference,CG,none,0,8,1,0.110421,1
OF,reference,CG,none,0,8,1,0.116277,1
OF,reference,CG,none,0,8,1,0.114394,1
OF,reference,CG,none,0,8,1,0.114595,1
OF,reference,CG,none,0,8,1,0.113376,1
OF,reference,CG,none,0,8,1,0.113921,1
OF,reference,CG,none,0,8,1,0.113895,1
OF,reference,CG,none,0,8,1,0.113278,1
OF,reference,CG,none,0,8,1,0.111685,1
OF,reference,CG,none,0,8,1,0.111916,1
OF,reference,CG,none,0,8,1,0.112618,1
OF,reference,CG,none,0,8,1,0.112464,1
OF,reference,CG,none,0,8,1,0.118228,1
OF,reference,CG,none,0,8,1,0.119594,1
OF,reference,CG,none,0,8,1,0.114329,1
OF,reference,CG,none,0,8,1,0.11149,1
OF,reference,CG,none,0,8,1,0.11413,1
OF,reference,CG,none,0,8,1,0.112208,1
OF,reference,CG,none,0,8,1,0.112876,1
OF,reference,CG,none,0,8,1,0.111793,1
OF,reference,CG,none,0,8,1,0.113921,1
OF,reference,CG,none,0,8,1,0.112993,1
OF,reference,CG,none,0,8,1,0.113881,1
OF,reference,CG,none,0,8,1,0.114019,1
OF,reference,CG,none,0,8,1,0.115211,1
OF,reference,CG,none,0,8,1,0.113625,1
OF,reference,CG,none,0,8,1,0.112601,1
OF,reference,CG,none,0,8,1,0.113337,1
OF,reference,CG,none,0,8,1,0.112647,1
OF,reference,CG,none,0,8,1,0.112557,1
OF,reference,CG,none,0,8,1,0.113104,1
OF,reference,CG,none,0,8,1,0.114619,1
OF,reference,CG,none,0,8,1,0.11193,1
OF,reference,CG,none,0,8,1,0.110323,1
OF,reference,CG,none,0,8,1,0.114264,1
OF,reference,CG,none,0,8,1,0.11406,1
OF,reference,CG,none,0,8,1,0.113001,1
OF,reference,CG,none,0,8,1,0.111768,1
OF,reference,CG,none,0,8,1,0.114276,1
OF,reference,CG,none,0,8,1,0.112703,1
OF,reference,CG,none,0,8,1,0.112096,1
OF,reference,CG,none,0,8,1,0.11478,1
OF,reference,CG,none,0,8,1,0.110987,1
OF,reference,CG,none,0,8,1,0.112504,1
OF,reference,CG,none,0,8,1,0.117802,1
OF,reference,CG,none,0,8,1,0.119117,1
OF,reference,CG,none,0,8,1,0.114278,1
OF,reference,CG,none,0,8,1,0.113665,1
OF,reference,CG,none,0,8,1,0.115226,1
OF,reference,CG,none,0,8,1,0.114714,1
OF,reference,CG,none,0,8,1,0.113426,1
OF,reference,CG,none,0,8,1,0.112036,1
OF,reference,CG,none,0,8,1,0.118008,1
OF,reference,CG,none,0,8,1,0.114428,1
OF,reference,CG,none,0,8,1,0.112861,1
OF,reference,CG,none,0,8,1,0.11412,1
OF,reference,CG,none,0,8,1,0.114254,1
OF,reference,CG,none,0,8,1,0.114271,1
OF,reference,CG,none,0,8,1,0.113652,1
OF,reference,CG,none,0,8,1,0.11363,1
OF,reference,CG,none,0,8,1,0.11278,1
OF,reference,CG,none,0,8,1,0.112949,1
OF,reference,CG,none,0,8,1,0.113571,1
OF,reference,CG,none,0,8,1,0.115052,1
OF,reference,CG,none,0,8,1,0.112614,1
OF,reference,CG,none,0,8,1,0.114296,1
OF,reference,CG,none,0,8,1,0.113198,1
OF,reference,CG,none,0,8,1,0.113735,1
OF,reference,CG,none,0,8,1,0.113622,1
OF,reference,CG,none,0,8,1,0.115448,1
OF,reference,CG,none,0,8,1,0.112315,1
OF,reference,CG,none,0,8,1,0.112577,1
OF,reference,CG,none,0,8,1,0.114526,1
OF,reference,CG,none,0,8,1,0.113374,1
OF,reference,CG,none,0,8,1,0.113093,1
OF,reference,CG,none,0,8,1,0.110968,1
OF,reference,CG,none,0,8,1,0.118843,1
OF,reference,CG,none,0,8,1,0.118714,1
OF,reference,CG,none,0,8,1,0.115247,1
OF,reference,CG,none,0,8,1,0.112358,1
OF,reference,CG,none,0,8,1,0.117603,1
OF,reference,CG,none,0,8,1,0.115135,1
OF,reference,CG,none,0,8,1,0.115072,1
OF,reference,CG,none,0,8,1,0.114351,1
OF,reference,CG,none,0,8,1,0.113243,1
OF,reference,CG,none,0,8,1,0.116511,1
OF,reference,CG,none,0,8,1,0.115186,1
OF,reference,CG,none,0,8,1,0.114609,1
OF,reference,CG,none,0,8,1,0.112893,1
OF,reference,CG,none,0,8,1,0.11267,1
OF,reference,CG,none,0,8,1,0.114864,1
OF,reference,CG,none,0,8,1,0.11401,1
OF,reference,CG,none,0,8,1,0.114026,1
OF,reference,CG,none,0,8,1,0.112983,1
OF,reference,CG,none,0,8,1,0.11449,1
OF,reference,CG,none,0,8,1,0.113624,1
OF,reference,CG,none,0,8,1,0.115195,1
OF,reference,CG,none,0,8,1,0.114069,1
OF,reference,CG,none,0,8,1,0.116313,1
OF,reference,CG,none,0,8,1,0.115977,1
OF,reference,CG,none,0,8,1,0.114251,1
OF,reference,CG,none,0,8,1,0.111621,1
OF,reference,CG,none,0,8,1,0.113282,1
OF,reference,CG,none,0,8,1,0.114298,1
OF,reference,CG,none,0,8,1,0.11147,1
OF,reference,CG,none,0,8,1,0.120002,1
OF,reference,CG,none,0,8,1,0.119184,1
OF,reference,CG,none,0,8,1,0.114919,1
OF,reference,CG,none,0,8,1,0.112212,1
OF,reference,CG,none,0,8,1,0.115889,1
OF,reference,CG,none,0,8,1,0.114735,1
OF,reference,CG,none,0,8,1,0.115367,1
OF,reference,CG,none,0,8,1,0.112397,1
OF,reference,CG,none,0,8,1,0.116038,1
OF,reference,CG,none,0,8,1,0.113415,1
OF,reference,CG,none,0,8,1,0.11451,1
OF,reference,CG,none,0,8,1,0.112776,1
OF,reference,CG,none,0,8,1,0.112574,1
OF,reference,CG,none,0,8,1,0.113417,1
OF,reference,CG,none,0,8,1,0.113799,1
OF,reference,CG,none,0,8,1,0.113174,1
OF,reference,CG,none,0,8,1,0.115534,1
OF,reference,CG,none,0,8,1,0.112965,1
OF,reference,CG,none,0,8,1,0.11429,1
OF,reference,CG,none,0,8,1,0.115853,1
OF,reference,CG,none,0,8,1,0.114801,1
OF,reference,CG,none,0,8,1,0.113014,1
OF,reference,CG,none,0,8,1,0.116425,1
OF,reference,CG,none,0,8,1,0.115387,1
OF,reference,CG,none,0,8,1,0.11444,1
OF,reference,CG,none,0,8,1,0.111471,1
OF,reference,CG,none,0,8,1,0.113063,1
OF,reference,CG,none,0,8,1,0.113433,1
OF,reference,CG,none,0,8,1,0.112972,1
OF,reference,CG,none,0,8,1,0.114655,1
OF,reference,CG,none,0,8,1,0.114045,1
OF,reference,CG,none,0,8,1,0.113644,1
OF,reference,CG,none,0,8,1,0.119806,1
OF,reference,CG,none,0,8,1,0.122011,1
OF,reference,CG,none,0,8,1,0.114022,1
OF,reference,CG,none,0,8,1,0.112457,1
OF,reference,CG,none,0,8,1,0.116215,1
OF,reference,CG,none,0,8,1,0.113745,1
OF,reference,CG,none,0,8,1,0.111688,1
OF,reference,CG,none,0,8,1,0.113335,1
OF,reference,CG,none,0,8,1,0.113058,1
OF,reference,CG,none,0,8,1,0.111089,1
OF,reference,CG,none,0,8,1,0.114328,1
OF,reference,CG,none,0,8,1,0.113252,1
OF,reference,CG,none,0,8,1,0.112863,1
OF,reference,CG,none,0,8,1,0.111438,1
OF,reference,CG,none,0,8,1,0.110361,1
OF,reference,CG,none,0,8,1,0.114277,1
OF,reference,CG,none,0,8,1,0.115799,1
OF,reference,CG,none,0,8,1,0.115997,1
OF,reference,CG,none,0,8,1,0.113369,1
OF,reference,CG,none,0,8,1,0.115093,1
OF,reference,CG,none,0,8,1,0.116002,1
OF,reference,CG,none,0,8,1,0.11074,1
OF,reference,CG,none,0,8,1,0.114756,1
OF,reference,CG,none,0,8,1,0.110087,1
OF,reference,CG,none,0,8,1,0.112895,1
OF,reference,CG,none,0,8,1,0.113177,1
OF,reference,CG,none,0,8,1,0.114109,1
OF,reference,CG,none,0,8,1,0.111127,1
OF,reference,CG,none,0,8,1,0.113169,1
OF,reference,CG,none,0,8,1,0.113556,1
OF,reference,CG,none,0,8,1,0.112123,1
OF,reference,CG,none,0,8,1,0.112701,1
OF,reference,CG,none,0,8,1,0.119478,1
OF,reference,CG,none,0,8,1,0.116745,1
OF,reference,CG,none,0,8,1,0.113753,1
OF,reference,CG,none,0,8,1,0.11349,1
OF,reference,CG,none,0,8,1,0.114247,1
OF,reference,CG,none,0,8,1,0.112843,1
OF,reference,CG,none,0,8,1,0.111909,1
OF,reference,CG,none,0,8,1,0.114753,1
OF,reference,CG,none,0,8,1,0.115532,1
OF,reference,CG,none,0,8,1,0.110808,1
OF,reference,CG,none,0,8,1,0.112158,1
OF,reference,CG,none,0,8,1,0.112595,1
OF,reference,CG,none,0,8,1,0.11381,1
OF,reference,CG,none,0,8,1,0.114829,1
OF,reference,CG,none,0,8,1,0.11247,1
OF,reference,CG,none,0,8,1,0.111848,1
OF,reference,CG,none,0,8,1,0.116415,1
OF,reference,CG,none,0,8,1,0.116267,1
OF,reference,CG,none,0,8,1,0.113043,1
OF,reference,CG,none,0,8,1,0.115913,1
OF,reference,CG,none,0,8,1,0.112501,1
OF,reference,CG,none,0,8,1,0.115261,1
OF,reference,CG,none,0,8,1,0.111357,1
OF,reference,CG,none,0,8,1,0.114859,1
OF,reference,CG,none,0,8,1,0.113715,1
OF,reference,CG,none,0,8,1,0.115664,1
OF,reference,CG,none,0,8,1,0.116275,1
OF,reference,CG,none,0,8,1,0.113375,1
OF,reference,CG,none,0,8,1,0.111229,1
OF,reference,CG,none,0,8,1,0.113552,1
OF,reference,CG,none,0,8,1,0.113691,1
OF,reference,CG,none,0,8,1,0.113217,1
OF,reference,CG,none,0,8,1,0.11871,1
OF,reference,CG,none,0,8,1,0.118208,1
OF,reference,CG,none,0,8,1,0.113788,1
OF,reference,CG,none,0,8,1,0.113731,1
OF,reference,CG,none,0,8,1,0.115494,1
OF,reference,CG,none,0,8,1,0.111867,1
OF,reference,CG,none,0,8,1,0.114478,1
OF,reference,CG,none,0,8,1,0.111283,1
OF,reference,CG,none,0,8,1,0.117677,1
OF,reference,CG,none,0,8,1,0.111843,1
OF,reference,CG,none,0,8,1,0.114498,1
OF,reference,CG,none,0,8,1,0.114167,1
OF,reference,CG,none,0,8,1,0.113858,1
OF,reference,CG,none,0,8,1,0.11532,1
OF,reference,CG,none,0,8,1,0.113034,1
OF,reference,CG,none,0,8,1,0.112761,1
OF,reference,CG,none,0,8,1,0.114084,1
OF,reference,CG,none,0,8,1,0.113553,1
OF,reference,CG,none,0,8,1,0.112713,1
OF,reference,CG,none,0,8,1,0.114416,1
OF,reference,CG,none,0,8,1,0.11248,1
OF,reference,CG,none,0,8,1,0.113854,1
OF,reference,CG,none,0,8,1,0.11406,1
OF,reference,CG,none,0,8,1,0.112099,1
OF,reference,CG,none,0,8,1,0.114032,1
OF,reference,CG,none,0,8,1,0.113807,1
OF,reference,CG,none,0,8,1,0.1134,1
OF,reference,CG,none,0,8,1,0.112473,1
OF,reference,CG,none,0,8,1,0.112673,1
OF,reference,CG,none,0,8,1,0.111479,1
OF,reference,CG,none,0,8,1,0.113338,1
OF,reference,CG,none,0,8,1,0.115329,1
OF,reference,CG,none,0,8,1,0.118638,1
OF,reference,CG,none,0,8,1,0.121708,1
OF,reference,CG,none,0,8,1,0.112829,1
OF,reference,CG,none,0,8,1,0.113148,1
OF,reference,CG,none,0,8,1,0.112868,1
OF,reference,CG,none,0,8,1,0.115715,1
OF,reference,CG,none,0,8,1,0.111819,1
OF,reference,CG,none,0,8,1,0.113707,1
OF,reference,CG,none,0,8,1,0.114193,1
OF,reference,CG,none,0,8,1,0.125871,1
OF,reference,CG,none,0,8,1,0.111678,1
OF,reference,CG,none,0,8,1,0.113723,1
OF,reference,CG,none,0,8,1,0.111363,1
OF,reference,CG,none,0,8,1,0.111507,1
OF,reference,CG,none,0,8,1,0.113121,1
OF,reference,CG,none,0,8,1,0.112396,1
OF,reference,CG,none,0,8,1,0.114708,1
OF,reference,CG,none,0,8,1,0.115467,1
OF,reference,CG,none,0,8,1,0.111892,1
OF,reference,CG,none,0,8,1,0.115582,1
OF,reference,CG,none,0,8,1,0.114766,1
OF,reference,CG,none,0,8,1,0.113985,1
OF,reference,CG,none,0,8,1,0.113894,1
OF,reference,CG,none,0,8,1,0.112494,1
OF,reference,CG,none,0,8,1,0.112144,1
OF,reference,CG,none,0,8,1,0.115528,1
OF,reference,CG,none,0,8,1,0.116127,1
OF,reference,CG,none,0,8,1,0.112238,1
OF,reference,CG,none,0,8,1,0.112291,1
OF,reference,CG,none,0,8,1,0.11474,1
OF,reference,CG,none,0,8,1,0.112351,1
OF,reference,CG,none,0,8,1,0.11364,1
OF,reference,CG,none,0,8,1,0.120311,1
OF,reference,BiCGStab,none,0,8,1,0.124196,1
OF,reference,BiCGStab,none,0,8,1,0.116212,1
OF,reference,BiCGStab,none,0,8,1,0.114441,1
OF,reference,BiCGStab,none,0,8,1,0.11941,1
OF,reference,BiCGStab,none,0,8,1,0.117121,1
OF,reference,BiCGStab,none,0,8,1,0.114011,1
OF,reference,BiCGStab,none,0,8,1,0.115178,1
OF,reference,BiCGStab,none,0,8,1,0.11683,1
OF,reference,BiCGStab,none,0,8,1,0.116564,1
OF,reference,BiCGStab,none,0,8,1,0.114089,1
OF,reference,BiCGStab,none,0,8,1,0.113979,1
OF,reference,BiCGStab,none,0,8,1,0.113502,1
OF,reference,BiCGStab,none,0,8,1,0.116488,1
OF,reference,BiCGStab,none,0,8,1,0.116258,1
OF,reference,BiCGStab,none,0,8,1,0.113833,1
OF,reference,BiCGStab,none,0,8,1,0.115795,1
OF,reference,BiCGStab,none,0,8,1,0.115107,1
OF,reference,BiCGStab,none,0,8,1,0.116171,1
OF,reference,BiCGStab,none,0,8,1,0.117586,1
OF,reference,BiCGStab,none,0,8,1,0.117486,1
OF,reference,BiCGStab,none,0,8,1,0.114985,1
OF,reference,BiCGStab,none,0,8,1,0.115555,1
OF,reference,BiCGStab,none,0,8,1,0.112904,1
OF,reference,BiCGStab,none,0,8,1,0.115183,1
OF,reference,BiCGStab,none,0,8,1,0.114974,1
OF,reference,BiCGStab,none,0,8,1,0.118022,1
OF,reference,BiCGStab,none,0,8,1,0.113662,1
OF,reference,BiCGStab,none,0,8,1,0.113883,1
OF,reference,BiCGStab,none,0,8,1,0.112842,1
OF,reference,BiCGStab,none,0,8,1,0.116649,1
OF,reference,BiCGStab,none,0,8,1,0.114253,1
OF,reference,BiCGStab,none,0,8,1,0.120994,1
OF,reference,BiCGStab,none,0,8,1,0.119643,1
OF,reference,BiCGStab,none,0,8,1,0.115318,1
OF,reference,BiCGStab,none,0,8,1,0.113982,1
OF,reference,BiCGStab,none,0,8,1,0.114599,1
OF,reference,BiCGStab,none,0,8,1,0.115788,1
OF,reference,BiCGStab,none,0,8,1,0.114338,1
OF,reference,BiCGStab,none,0,8,1,0.115052,1
OF,reference,BiCGStab,none,0,8,1,0.116161,1
OF,reference,BiCGStab,none,0,8,1,0.114107,1
OF,reference,BiCGStab,none,0,8,1,0.114678,1
OF,reference,BiCGStab,none,0,8,1,0.114473,1
OF,reference,BiCGStab,none,0,8,1,0.115955,1
OF,reference,BiCGStab,none,0,8,1,0.113772,1
OF,reference,BiCGStab,none,0,8,1,0.113793,1
OF,reference,BiCGStab,none,0,8,1,0.113702,1
OF,reference,BiCGStab,none,0,8,1,0.11557,1
OF,reference,BiCGStab,none,0,8,1,0.112675,1
OF,reference,BiCGStab,none,0,8,1,0.113989,1
OF,reference,BiCGStab,none,0,8,1,0.115877,1
OF,reference,BiCGStab,none,0,8,1,0.114309,1
OF,reference,BiCGStab,none,0,8,1,0.115431,1
OF,reference,BiCGStab,none,0,8,1,0.115451,1
OF,reference,BiCGStab,none,0,8,1,0.117116,1
OF,reference,BiCGStab,none,0,8,1,0.116213,1
OF,reference,BiCGStab,none,0,8,1,0.114572,1
OF,reference,BiCGStab,none,0,8,1,0.115855,1
OF,reference,BiCGStab,none,0,8,1,0.113123,1
OF,reference,BiCGStab,none,0,8,1,0.113894,1
OF,reference,BiCGStab,none,0,8,1,0.114403,1
OF,reference,BiCGStab,none,0,8,1,0.115383,1
OF,reference,BiCGStab,none,0,8,1,0.11366,1
OF,reference,BiCGStab,none,0,8,1,0.121887,1
OF,reference,BiCGStab,none,0,8,1,0.116909,1
OF,reference,BiCGStab,none,0,8,1,0.116628,1
OF,reference,BiCGStab,none,0,8,1,0.113228,1
OF,reference,BiCGStab,none,0,8,1,0.116781,1
OF,reference,BiCGStab,none,0,8,1,0.116652,1
OF,reference,BiCGStab,none,0,8,1,0.113042,1
OF,reference,BiCGStab,none,0,8,1,0.114445,1
OF,reference,BiCGStab,none,0,8,1,0.116806,1
OF,reference,BiCGStab,none,0,8,1,0.112647,1
OF,reference,BiCGStab,none,0,8,1,0.114243,1
OF,reference,BiCGStab,none,0,8,1,0.115096,1
OF,reference,BiCGStab,none,0,8,1,0.115438,1
OF,reference,BiCGStab,none,0,8,1,0.113667,1
OF,reference,BiCGStab,none,0,8,1,0.115599,1
OF,reference,BiCGStab,none,0,8,1,0.117251,1
OF,reference,BiCGStab,none,0,8,1,0.115784,1
OF,reference,BiCGStab,none,0,8,1,0.116469,1
OF,reference,BiCGStab,none,0,8,1,0.11912,1
OF,reference,BiCGStab,none,0,8,1,0.113602,1
OF,reference,BiCGStab,none,0,8,1,0.114664,1
OF,reference,BiCGStab,none,0,8,1,0.114753,1
OF,reference,BiCGStab,none,0,8,1,0.112712,1
OF,reference,BiCGStab,none,0,8,1,0.113069,1
OF,reference,BiCGStab,none,0,8,1,0.114095,1
OF,reference,BiCGStab,none,0,8,1,0.115222,1
OF,reference,BiCGStab,none,0,8,1,0.114182,1
OF,reference,BiCGStab,none,0,8,1,0.114119,1
OF,reference,BiCGStab,none,0,8,1,0.114947,1
OF,reference,BiCGStab,none,0,8,1,0.11165,1
OF,reference,BiCGStab,none,0,8,1,0.113127,1
OF,reference,BiCGStab,none,0,8,1,0.122585,1
OF,reference,BiCGStab,none,0,8,1,0.121926,1
OF,reference,BiCGStab,none,0,8,1,0.11719,1
OF,reference,BiCGStab,none,0,8,1,0.115884,1
OF,reference,BiCGStab,none,0,8,1,0.115253,1
OF,reference,BiCGStab,none,0,8,1,0.115206,1
OF,reference,BiCGStab,none,0,8,1,0.114592,1
OF,reference,BiCGStab,none,0,8,1,0.114267,1
OF,reference,BiCGStab,none,0,8,1,0.117211,1
OF,reference,BiCGStab,none,0,8,1,0.112842,1
OF,reference,BiCGStab,none,0,8,1,0.114033,1
OF,reference,BiCGStab,none,0,8,1,0.114962,1
OF,reference,BiCGStab,none,0,8,1,0.113552,1
OF,reference,BiCGStab,none,0,8,1,0.114601,1
OF,reference,BiCGStab,none,0,8,1,0.117257,1
OF,reference,BiCGStab,none,0,8,1,0.113198,1
OF,reference,BiCGStab,none,0,8,1,0.116325,1
OF,reference,BiCGStab,none,0,8,1,0.114879,1
OF,reference,BiCGStab,none,0,8,1,0.114552,1
OF,reference,BiCGStab,none,0,8,1,0.114705,1
OF,reference,BiCGStab,none,0,8,1,0.113751,1
OF,reference,BiCGStab,none,0,8,1,0.116085,1
OF,reference,BiCGStab,none,0,8,1,0.11435,1
OF,reference,BiCGStab,none,0,8,1,0.115401,1
OF,reference,BiCGStab,none,0,8,1,0.115201,1
OF,reference,BiCGStab,none,0,8,1,0.11744,1
OF,reference,BiCGStab,none,0,8,1,0.117562,1
OF,reference,BiCGStab,none,0,8,1,0.112453,1
OF,reference,BiCGStab,none,0,8,1,0.112302,1
OF,reference,BiCGStab,none,0,8,1,0.115232,1
OF,reference,BiCGStab,none,0,8,1,0.115433,1
OF,reference,BiCGStab,none,0,8,1,0.117533,1
OF,reference,BiCGStab,none,0,8,1,0.120823,1
OF,reference,BiCGStab,none,0,8,1,0.11933,1
OF,reference,BiCGStab,none,0,8,1,0.114832,1
OF,reference,BiCGStab,none,0,8,1,0.11587,1
OF,reference,BiCGStab,none,0,8,1,0.115773,1
OF,reference,BiCGStab,none,0,8,1,0.115393,1
OF,reference,BiCGStab,none,0,8,1,0.112556,1
OF,reference,BiCGStab,none,0,8,1,0.112398,1
OF,reference,BiCGStab,none,0,8,1,0.117357,1
OF,reference,BiCGStab,none,0,8,1,0.115375,1
OF,reference,BiCGStab,none,0,8,1,0.115096,1
OF,reference,BiCGStab,none,0,8,1,0.114607,1
OF,reference,BiCGStab,none,0,8,1,0.113868,1
OF,reference,BiCGStab,none,0,8,1,0.113351,1
OF,reference,BiCGStab,none,0,8,1,0.116787,1
OF,reference,BiCGStab,none,0,8,1,0.113196,1
OF,reference,BiCGStab,none,0,8,1,0.114862,1
OF,reference,BiCGStab,none,0,8,1,0.115498,1
OF,reference,BiCGStab,none,0,8,1,0.114806,1
OF,reference,BiCGStab,none,0,8,1,0.116515,1
OF,reference,BiCGStab,none,0,8,1,0.117058,1
OF,reference,BiCGStab,none,0,8,1,0.11671,1
OF,reference,BiCGStab,none,0,8,1,0.111746,1
OF,reference,BiCGStab,none,0,8,1,0.114546,1
OF,reference,BiCGStab,none,0,8,1,0.112994,1
OF,reference,BiCGStab,none,0,8,1,0.116509,1
OF,reference,BiCGStab,none,0,8,1,0.114867,1
OF,reference,BiCGStab,none,0,8,1,0.118069,1
OF,reference,BiCGStab,none,0,8,1,0.115557,1
OF,reference,BiCGStab,none,0,8,1,0.11341,1
OF,reference,BiCGStab,none,0,8,1,0.112626,1
OF,reference,BiCGStab,none,0,8,1,0.117177,1
OF,reference,BiCGStab,none,0,8,1,0.120824,1
OF,reference,BiCGStab,none,0,8,1,0.119599,1
OF,reference,BiCGStab,none,0,8,1,0.114871,1
OF,reference,BiCGStab,none,0,8,1,0.113792,1
OF,reference,BiCGStab,none,0,8,1,0.117792,1
OF,reference,BiCGStab,none,0,8,1,0.116166,1
OF,reference,BiCGStab,none,0,8,1,0.114645,1
OF,reference,BiCGStab,none,0,8,1,0.113695,1
OF,reference,BiCGStab,none,0,8,1,0.11529,1
OF,reference,BiCGStab,none,0,8,1,0.114398,1
OF,reference,BiCGStab,none,0,8,1,0.113327,1
OF,reference,BiCGStab,none,0,8,1,0.118904,1
OF,reference,BiCGStab,none,0,8,1,0.115791,1
OF,reference,BiCGStab,none,0,8,1,0.114579,1
OF,reference,BiCGStab,none,0,8,1,0.115801,1
OF,reference,BiCGStab,none,0,8,1,0.113895,1
OF,reference,BiCGStab,none,0,8,1,0.116161,1
OF,reference,BiCGStab,none,0,8,1,0.115326,1
OF,reference,BiCGStab,none,0,8,1,0.116228,1
OF,reference,BiCGStab,none,0,8,1,0.114712,1
OF,reference,BiCGStab,none,0,8,1,0.115534,1
OF,reference,BiCGStab,none,0,8,1,0.112927,1
OF,reference,BiCGStab,none,0,8,1,0.11784,1
OF,reference,BiCGStab,none,0,8,1,0.116842,1
OF,reference,BiCGStab,none,0,8,1,0.115801,1
OF,reference,BiCGStab,none,0,8,1,0.11377,1
OF,reference,BiCGStab,none,0,8,1,0.116006,1
OF,reference,BiCGStab,none,0,8,1,0.115897,1
OF,reference,BiCGStab,none,0,8,1,0.1136,1
OF,reference,BiCGStab,none,0,8,1,0.115696,1
OF,reference,BiCGStab,none,0,8,1,0.115809,1
OF,reference,BiCGStab,none,0,8,1,0.116208,1
OF,reference,BiCGStab,none,0,8,1,0.121587,1
OF,reference,BiCGStab,none,0,8,1,0.118773,1
OF,reference,BiCGStab,none,0,8,1,0.116018,1
OF,reference,BiCGStab,none,0,8,1,0.117318,1
OF,reference,BiCGStab,none,0,8,1,0.116318,1
OF,reference,BiCGStab,none,0,8,1,0.116151,1
OF,reference,BiCGStab,none,0,8,1,0.115306,1
OF,reference,BiCGStab,none,0,8,1,0.11521,1
OF,reference,BiCGStab,none,0,8,1,0.116297,1
OF,reference,BiCGStab,none,0,8,1,0.115657,1
OF,reference,BiCGStab,none,0,8,1,0.11412,1
OF,reference,BiCGStab,none,0,8,1,0.114933,1
OF,reference,BiCGStab,none,0,8,1,0.114084,1
OF,reference,BiCGStab,none,0,8,1,0.112486,1
OF,reference,BiCGStab,none,0,8,1,0.115332,1
OF,reference,BiCGStab,none,0,8,1,0.115728,1
OF,reference,BiCGStab,none,0,8,1,0.11458,1
OF,reference,BiCGStab,none,0,8,1,0.11495,1
OF,reference,BiCGStab,none,0,8,1,0.114451,1
OF,reference,BiCGStab,none,0,8,1,0.112431,1
OF,reference,BiCGStab,none,0,8,1,0.11388,1
OF,reference,BiCGStab,none,0,8,1,0.119665,1
OF,reference,BiCGStab,none,0,8,1,0.117812,1
OF,reference,BiCGStab,none,0,8,1,0.113536,1
OF,reference,BiCGStab,none,0,8,1,0.113775,1
OF,reference,BiCGStab,none,0,8,1,0.113688,1
OF,reference,BiCGStab,none,0,8,1,0.116908,1
OF,reference,BiCGStab,none,0,8,1,0.113012,1
OF,reference,BiCGStab,none,0,8,1,0.115008,1
OF,reference,BiCGStab,none,0,8,1,0.112912,1
OF,reference,BiCGStab,none,0,8,1,0.111505,1
OF,reference,BiCGStab,none,0,8,1,0.114314,1
OF,reference,BiCGStab,none,0,8,1,0.122397,1
OF,reference,BiCGStab,none,0,8,1,0.120333,1
OF,reference,BiCGStab,none,0,8,1,0.116998,1
OF,reference,BiCGStab,none,0,8,1,0.113054,1
OF,reference,BiCGStab,none,0,8,1,0.113627,1
OF,reference,BiCGStab,none,0,8,1,0.115426,1
OF,reference,BiCGStab,none,0,8,1,0.115718,1
OF,reference,BiCGStab,none,0,8,1,0.114408,1
OF,reference,BiCGStab,none,0,8,1,0.11512,1
OF,reference,BiCGStab,none,0,8,1,0.112631,1
OF,reference,BiCGStab,none,0,8,1,0.112406,1
OF,reference,BiCGStab,none,0,8,1,0.111853,1
OF,reference,BiCGStab,none,0,8,1,0.115684,1
OF,reference,BiCGStab,none,0,8,1,0.113626,1
OF,reference,BiCGStab,none,0,8,1,0.115198,1
OF,reference,BiCGStab,none,0,8,1,0.11522,1
OF,reference,BiCGStab,none,0,8,1,0.114236,1
OF,reference,BiCGStab,none,0,8,1,0.116406,1
OF,reference,BiCGStab,none,0,8,1,0.112136,1
OF,reference,BiCGStab,none,0,8,1,0.116618,1
OF,reference,BiCGStab,none,0,8,1,0.113992,1
OF,reference,BiCGStab,none,0,8,1,0.114302,1
OF,reference,BiCGStab,none,0,8,1,0.113781,1
OF,reference,BiCGStab,none,0,8,1,0.115628,1
OF,reference,BiCGStab,none,0,8,1,0.114732,1
OF,reference,BiCGStab,none,0,8,1,0.115779,1
OF,reference,BiCGStab,none,0,8,1,0.114772,1
OF,reference,BiCGStab,none,0,8,1,0.113142,1
OF,reference,BiCGStab,none,0,8,1,0.11414,1
OF,reference,BiCGStab,none,0,8,1,0.113391,1
OF,reference,BiCGStab,none,0,8,1,0.11571,1
OF,reference,BiCGStab,none,0,8,1,0.112403,1
OF,reference,BiCGStab,none,0,8,1,0.122164,1
OF,reference,BiCGStab,none,0,8,1,0.1217,1
OF,reference,BiCGStab,none,0,8,1,0.114231,1
OF,reference,BiCGStab,none,0,8,1,0.113242,1
OF,reference,BiCGStab,none,0,8,1,0.117909,1
OF,reference,BiCGStab,none,0,8,1,0.115341,1
OF,reference,BiCGStab,none,0,8,1,0.115555,1
OF,reference,BiCGStab,none,0,8,1,0.114199,1
OF,reference,BiCGStab,none,0,8,1,0.114098,1
OF,reference,BiCGStab,none,0,8,1,0.113722,1
OF,reference,BiCGStab,none,0,8,1,0.1141,1
OF,reference,BiCGStab,none,0,8,1,0.112906,1
OF,reference,BiCGStab,none,0,8,1,0.11297,1
OF,reference,BiCGStab,none,0,8,1,0.116042,1
OF,reference,BiCGStab,none,0,8,1,0.114048,1
OF,reference,BiCGStab,none,0,8,1,0.112774,1
OF,reference,BiCGStab,none,0,8,1,0.116774,1
OF,reference,BiCGStab,none,0,8,1,0.114909,1
OF,reference,BiCGStab,none,0,8,1,0.11455,1
OF,reference,BiCGStab,none,0,8,1,0.114367,1
OF,reference,BiCGStab,none,0,8,1,0.115679,1
OF,reference,BiCGStab,none,0,8,1,0.115619,1
OF,reference,BiCGStab,none,0,8,1,0.115547,1
OF,reference,BiCGStab,none,0,8,1,0.115087,1
OF,reference,BiCGStab,none,0,8,1,0.113951,1
OF,reference,BiCGStab,none,0,8,1,0.113607,1
OF,reference,BiCGStab,none,0,8,1,0.112941,1
OF,reference,BiCGStab,none,0,8,1,0.114979,1
OF,reference,BiCGStab,none,0,8,1,0.112913,1
OF,reference,BiCGStab,none,0,8,1,0.113454,1
OF,reference,BiCGStab,none,0,8,1,0.115447,1
OF,reference,BiCGStab,none,0,8,1,0.114223,1
OF,reference,BiCGStab,none,0,8,1,0.121273,1
OF,reference,BiCGStab,none,0,8,1,0.120598,1
OF,reference,BiCGStab,none,0,8,1,0.115738,1
OF,reference,BiCGStab,none,0,8,1,0.114801,1
OF,reference,BiCGStab,none,0,8,1,0.115901,1
OF,reference,BiCGStab,none,0,8,1,0.114271,1
OF,reference,BiCGStab,none,0,8,1,0.115408,1
OF,reference,BiCGStab,none,0,8,1,0.115047,1
OF,reference,BiCGStab,none,0,8,1,0.116879,1
OF,reference,BiCGStab,none,0,8,1,0.113551,1
OF,reference,BiCGStab,none,0,8,1,0.11306,1
OF,reference,BiCGStab,none,0,8,1,0.113452,1
OF,reference,BiCGStab,none,0,8,1,0.114192,1
OF,reference,BiCGStab,none,0,8,1,0.111957,1
OF,reference,BiCGStab,none,0,8,1,0.116098,1
OF,reference,BiCGStab,none,0,8,1,0.112734,1
OF,reference,BiCGStab,none,0,8,1,0.115937,1
OF,reference,BiCGStab,none,0,8,1,0.117226,1
OF,reference,BiCGStab,none,0,8,1,0.113181,1
OF,reference,BiCGStab,none,0,8,1,0.116676,1
OF,reference,BiCGStab,none,0,8,1,0.113637,1
OF,reference,BiCGStab,none,0,8,1,0.115155,1
OF,reference,BiCGStab,none,0,8,1,0.112751,1
OF,reference,BiCGStab,none,0,8,1,0.113413,1
OF,reference,BiCGStab,none,0,8,1,0.115611,1
OF,reference,BiCGStab,none,0,8,1,0.117274,1
OF,reference,BiCGStab,none,0,8,1,0.114856,1
OF,reference,BiCGStab,none,0,8,1,0.115282,1
OF,reference,BiCGStab,none,0,8,1,0.11214,1
OF,reference,BiCGStab,none,0,8,1,0.114002,1
OF,reference,BiCGStab,none,0,8,1,0.113497,1
OF,reference,BiCGStab,none,0,8,1,0.115326,1
OF,reference,BiCGStab,none,0,8,1,0.11891,1
OF,reference,BiCGStab,none,0,8,1,0.1206,1
OF,reference,BiCGStab,none,0,8,1,0.114306,1
OF,reference,BiCGStab,none,0,8,1,0.115965,1
OF,reference,BiCGStab,none,0,8,1,0.116123,1
OF,reference,BiCGStab,none,0,8,1,0.11364,1
OF,reference,BiCGStab,none,0,8,1,0.111799,1
OF,reference,BiCGStab,none,0,8,1,0.116801,1
OF,reference,BiCGStab,none,0,8,1,0.113892,1
OF,reference,BiCGStab,none,0,8,1,0.114277,1
OF,reference,BiCGStab,none,0,8,1,0.113398,1
OF,reference,BiCGStab,none,0,8,1,0.115062,1
OF,reference,BiCGStab,none,0,8,1,0.115159,1
OF,reference,BiCGStab,none,0,8,1,0.115799,1
OF,reference,BiCGStab,none,0,8,1,0.113301,1
OF,reference,BiCGStab,none,0,8,1,0.112875,1
OF,reference,BiCGStab,none,0,8,1,0.113548,1
OF,reference,BiCGStab,none,0,8,1,0.11485,1
OF,reference,BiCGStab,none,0,8,1,0.114145,1
OF,reference,BiCGStab,none,0,8,1,0.114613,1
OF,reference,BiCGStab,none,0,8,1,0.116191,1
OF,reference,BiCGStab,none,0,8,1,0.116626,1
OF,reference,BiCGStab,none,0,8,1,0.114005,1
OF,reference,BiCGStab,none,0,8,1,0.11416,1
OF,reference,BiCGStab,none,0,8,1,0.11228,1
OF,reference,BiCGStab,none,0,8,1,0.114587,1
OF,reference,BiCGStab,none,0,8,1,0.113216,1
OF,reference,BiCGStab,none,0,8,1,0.115041,1
OF,reference,BiCGStab,none,0,8,1,0.115018,1
OF,reference,BiCGStab,none,0,8,1,0.115111,1
OF,reference,BiCGStab,none,0,8,1,0.11405,1
OF,reference,BiCGStab,none,0,8,1,0.118724,1
OF,reference,BiCGStab,none,0,8,1,0.12031,1
OF,reference,BiCGStab,none,0,8,1,0.113369,1
OF,reference,BiCGStab,none,0,8,1,0.116847,1
OF,reference,BiCGStab,none,0,8,1,0.117709,1
OF,reference,BiCGStab,none,0,8,1,0.115511,1
OF,reference,BiCGStab,none,0,8,1,0.112305,1
OF,reference,BiCGStab,none,0,8,1,0.114278,1
OF,reference,BiCGStab,none,0,8,1,0.114936,1
OF,reference,BiCGStab,none,0,8,1,0.115571,1
OF,reference,BiCGStab,none,0,8,1,0.112896,1
OF,reference,BiCGStab,none,0,8,1,0.11365,1
OF,reference,BiCGStab,none,0,8,1,0.114224,1
OF,reference,BiCGStab,none,0,8,1,0.112351,1
OF,reference,BiCGStab,none,0,8,1,0.113615,1
OF,reference,BiCGStab,none,0,8,1,0.113841,1
OF,reference,BiCGStab,none,0,8,1,0.116169,1
OF,reference,BiCGStab,none,0,8,1,0.115831,1
OF,reference,BiCGStab,none,0,8,1,0.114725,1
OF,reference,BiCGStab,none,0,8,1,0.116206,1
OF,reference,BiCGStab,none,0,8,1,0.115678,1
OF,reference,BiCGStab,none,0,8,1,0.113865,1
OF,reference,BiCGStab,none,0,8,1,0.114529,1
OF,reference,BiCGStab,none,0,8,1,0.117198,1
OF,reference,BiCGStab,none,0,8,1,0.114868,1
OF,reference,BiCGStab,none,0,8,1,0.11398,1
OF,reference,BiCGStab,none,0,8,1,0.114491,1
OF,reference,BiCGStab,none,0,8,1,0.113753,1
OF,reference,BiCGStab,none,0,8,1,0.115843,1
OF,reference,BiCGStab,none,0,8,1,0.11562,1
OF,reference,BiCGStab,none,0,8,1,0.115565,1
OF,reference,BiCGStab,none,0,8,1,0.117109,1
OF,reference,BiCGStab,none,0,8,1,0.121866,1
OF,reference,BiCGStab,none,0,8,1,0.119056,1
OF,reference,BiCGStab,none,0,8,1,0.115838,1
OF,reference,BiCGStab,none,0,8,1,0.114984,1
OF,reference,BiCGStab,none,0,8,1,0.116857,1
OF,reference,BiCGStab,none,0,8,1,0.11543,1
OF,reference,BiCGStab,none,0,8,1,0.11588,1
OF,reference,BiCGStab,none,0,8,1,0.115085,1
OF,reference,BiCGStab,none,0,8,1,0.114526,1
OF,reference,BiCGStab,none,0,8,1,0.114074,1
OF,reference,BiCGStab,none,0,8,1,0.116377,1
OF,reference,BiCGStab,none,0,8,1,0.112872,1
OF,reference,BiCGStab,none,0,8,1,0.116522,1
OF,reference,BiCGStab,none,0,8,1,0.112702,1
OF,reference,BiCGStab,none,0,8,1,0.115023,1
OF,reference,BiCGStab,none,0,8,1,0.115211,1
OF,reference,BiCGStab,none,0,8,1,0.114685,1
OF,reference,BiCGStab,none,0,8,1,0.115607,1
OF,reference,BiCGStab,none,0,8,1,0.114557,1
OF,reference,BiCGStab,none,0,8,1,0.115223,1
OF,reference,BiCGStab,none,0,8,1,0.114937,1
OF,reference,BiCGStab,none,0,8,1,0.118199,1
OF,reference,BiCGStab,none,0,8,1,0.114255,1
OF,reference,BiCGStab,none,0,8,1,0.113889,1
OF,reference,BiCGStab,none,0,8,1,0.113457,1
OF,reference,BiCGStab,none,0,8,1,0.112248,1
OF,reference,BiCGStab,none,0,8,1,0.113374,1
OF,reference,BiCGStab,none,0,8,1,0.118167,1
OF,reference,BiCGStab,none,0,8,1,0.112948,1
OF,reference,BiCGStab,none,0,8,1,0.114079,1
OF,reference,BiCGStab,none,0,8,1,0.112908,1
OF,reference,BiCGStab,none,0,8,1,0.113294,1
OF,reference,BiCGStab,none,0,8,1,0.122071,1
OF,reference,BiCGStab,none,0,8,1,0.119834,1
OF,reference,BiCGStab,none,0,8,1,0.112999,1
OF,reference,BiCGStab,none,0,8,1,0.114631,1
OF,reference,BiCGStab,none,0,8,1,0.113964,1
OF,reference,BiCGStab,none,0,8,1,0.117361,1
OF,reference,BiCGStab,none,0,8,1,0.113706,1
OF,reference,BiCGStab,none,0,8,1,0.115166,1
OF,reference,BiCGStab,none,0,8,1,0.11365,1
OF,reference,BiCGStab,none,0,8,1,0.112849,1
OF,reference,BiCGStab,none,0,8,1,0.113793,1
OF,reference,BiCGStab,none,0,8,1,0.11394,1
OF,reference,BiCGStab,none,0,8,1,0.114664,1
OF,reference,BiCGStab,none,0,8,1,0.116025,1
OF,reference,BiCGStab,none,0,8,1,0.115153,1
OF,reference,BiCGStab,none,0,8,1,0.113508,1
OF,reference,BiCGStab,none,0,8,1,0.114774,1
OF,reference,BiCGStab,none,0,8,1,0.112727,1
OF,reference,BiCGStab,none,0,8,1,0.114223,1
OF,reference,BiCGStab,none,0,8,1,0.115923,1
OF,reference,BiCGStab,none,0,8,1,0.116354,1
OF,reference,BiCGStab,none,0,8,1,0.115645,1
OF,reference,BiCGStab,none,0,8,1,0.113399,1
OF,reference,BiCGStab,none,0,8,1,0.115202,1
OF,reference,BiCGStab,none,0,8,1,0.113906,1
OF,reference,BiCGStab,none,0,8,1,0.113821,1
OF,reference,BiCGStab,none,0,8,1,0.115507,1
OF,reference,BiCGStab,none,0,8,1,0.11511,1
OF,reference,BiCGStab,none,0,8,1,0.114138,1
OF,reference,BiCGStab,none,0,8,1,0.115143,1
OF,reference,BiCGStab,none,0,8,1,0.114918,1
OF,reference,BiCGStab,none,0,8,1,0.113649,1
OF,reference,BiCGStab,none,0,8,1,0.121591,1
OF,reference,BiCGStab,none,0,8,1,0.120585,1
OF,reference,BiCGStab,none,0,8,1,0.115271,1
OF,reference,BiCGStab,none,0,8,1,0.113644,1
OF,reference,BiCGStab,none,0,8,1,0.113995,1
OF,reference,BiCGStab,none,0,8,1,0.113944,1
OF,reference,BiCGStab,none,0,8,1,0.114414,1
OF,reference,BiCGStab,none,0,8,1,0.115006,1
OF,reference,BiCGStab,none,0,8,1,0.116584,1
OF,reference,BiCGStab,none,0,8,1,0.115983,1
OF,reference,BiCGStab,none,0,8,1,0.113647,1
OF,reference,BiCGStab,none,0,8,1,0.116558,1
OF,reference,BiCGStab,none,0,8,1,0.111001,1
OF,reference,BiCGStab,none,0,8,1,0.113073,1
OF,reference,BiCGStab,none,0,8,1,0.11277,1
OF,reference,BiCGStab,none,0,8,1,0.113716,1
OF,reference,BiCGStab,none,0,8,1,0.116752,1
OF,reference,BiCGStab,none,0,8,1,0.114487,1
OF,reference,BiCGStab,none,0,8,1,0.114837,1
OF,reference,BiCGStab,none,0,8,1,0.115719,1
OF,reference,BiCGStab,none,0,8,1,0.11509,1
OF,reference,BiCGStab,none,0,8,1,0.114285,1
OF,reference,BiCGStab,none,0,8,1,0.114815,1
OF,reference,BiCGStab,none,0,8,1,0.115274,1
OF,reference,BiCGStab,none,0,8,1,0.111941,1
OF,reference,BiCGStab,none,0,8,1,0.113737,1
OF,reference,BiCGStab,none,0,8,1,0.11536,1
OF,reference,BiCGStab,none,0,8,1,0.115761,1
OF,reference,BiCGStab,none,0,8,1,0.112869,1
OF,reference,BiCGStab,none,0,8,1,0.113649,1
OF,reference,BiCGStab,none,0,8,1,0.114796,1
OF,reference,BiCGStab,none,0,8,1,0.115069,1
OF,reference,BiCGStab,none,0,8,1,0.122292,1
OF,reference,BiCGStab,none,0,8,1,0.120341,1
OF,reference,BiCGStab,none,0,8,1,0.11404,1
OF,reference,BiCGStab,none,0,8,1,0.114516,1
OF,reference,BiCGStab,none,0,8,1,0.116583,1
OF,reference,BiCGStab,none,0,8,1,0.113474,1
OF,reference,BiCGStab,none,0,8,1,0.114122,1
OF,reference,BiCGStab,none,0,8,1,0.114675,1
OF,reference,BiCGStab,none,0,8,1,0.115529,1
OF,reference,BiCGStab,none,0,8,1,0.112669,1
OF,reference,BiCGStab,none,0,8,1,0.116647,1
OF,reference,BiCGStab,none,0,8,1,0.116185,1
OF,reference,BiCGStab,none,0,8,1,0.11603,1
OF,reference,BiCGStab,none,0,8,1,0.114633,1
OF,reference,BiCGStab,none,0,8,1,0.115616,1
OF,reference,BiCGStab,none,0,8,1,0.113355,1
OF,reference,BiCGStab,none,0,8,1,0.113457,1
OF,reference,BiCGStab,none,0,8,1,0.115,1
OF,reference,BiCGStab,none,0,8,1,0.11593,1
OF,reference,BiCGStab,none,0,8,1,0.113607,1
OF,reference,BiCGStab,none,0,8,1,0.115114,1
OF,reference,BiCGStab,none,0,8,1,0.116813,1
OF,reference,BiCGStab,none,0,8,1,0.114428,1
OF,reference,BiCGStab,none,0,8,1,0.113546,1
OF,reference,BiCGStab,none,0,8,1,0.118173,1
OF,reference,BiCGStab,none,0,8,1,0.115197,1
OF,reference,BiCGStab,none,0,8,1,0.117627,1
OF,reference,BiCGStab,none,0,8,1,0.114855,1
OF,reference,BiCGStab,none,0,8,1,0.115145,1
OF,reference,BiCGStab,none,0,8,1,0.114793,1
OF,reference,BiCGStab,none,0,8,1,0.115541,1
OF,reference,BiCGStab,none,0,8,1,0.115714,1
OF,reference,BiCGStab,none,0,8,1,0.120859,1
OF,reference,BiCGStab,none,0,8,1,0.120791,1
OF,reference,BiCGStab,none,0,8,1,0.115712,1
OF,reference,BiCGStab,none,0,8,1,0.115359,1
OF,reference,BiCGStab,none,0,8,1,0.118459,1
OF,reference,BiCGStab,none,0,8,1,0.116387,1
OF,reference,BiCGStab,none,0,8,1,0.114129,1
OF,reference,BiCGStab,none,0,8,1,0.11299,1
OF,reference,BiCGStab,none,0,8,1,0.116263,1
OF,reference,BiCGStab,none,0,8,1,0.114504,1
OF,reference,BiCGStab,none,0,8,1,0.11497,1
OF,reference,BiCGStab,none,0,8,1,0.115862,1
OF,reference,CG,none,0,16,1,0.24705,1
OF,reference,CG,none,0,16,1,0.245768,1
OF,reference,CG,none,0,16,1,0.241744,1
OF,reference,CG,none,0,16,1,0.249589,1
OF,reference,CG,none,0,16,1,0.24538,1
OF,reference,CG,none,0,16,1,0.245983,1
OF,reference,CG,none,0,16,1,0.249263,1
OF,reference,CG,none,0,16,1,0.248694,1
OF,reference,CG,none,0,16,1,0.247064,1
OF,reference,CG,none,0,16,1,0.245878,1
OF,reference,CG,none,0,16,1,0.247169,1
OF,reference,CG,none,0,16,1,0.24628,1
OF,reference,CG,none,0,16,1,0.247226,1
OF,reference,CG,none,0,16,1,0.245929,1
OF,reference,CG,none,0,16,1,0.24352,1
OF,reference,CG,none,0,16,1,0.246905,1
OF,reference,CG,none,0,16,1,0.246655,1
OF,reference,CG,none,0,16,1,0.248314,1
OF,reference,CG,none,0,16,1,0.245375,1
OF,reference,CG,none,0,16,1,0.247659,1
OF,reference,CG,none,0,16,1,0.249208,1
OF,reference,CG,none,0,16,1,0.247328,1
OF,reference,CG,none,0,16,1,0.244989,1
OF,reference,CG,none,0,16,1,0.246159,1
OF,reference,CG,none,0,16,1,0.248866,1
OF,reference,CG,none,0,16,1,0.247657,1
OF,reference,CG,none,0,16,1,0.248833,1
OF,reference,CG,none,0,16,1,0.245933,1
OF,reference,CG,none,0,16,1,0.246694,1
OF,reference,CG,none,0,16,1,0.248659,1
OF,reference,CG,none,0,16,1,0.246298,1
OF,reference,CG,none,0,16,1,0.248915,1
OF,reference,CG,none,0,16,1,0.24763,1
OF,reference,CG,none,0,16,1,0.246439,1
OF,reference,CG,none,0,16,1,0.247787,1
OF,reference,CG,none,0,16,1,0.248643,1
OF,reference,CG,none,0,16,1,0.246107,1
OF,reference,CG,none,0,16,1,0.246264,1
OF,reference,CG,none,0,16,1,0.243982,1
OF,reference,CG,none,0,16,1,0.249578,1
OF,reference,CG,none,0,16,1,0.249265,1
OF,reference,CG,none,0,16,1,0.247401,1
OF,reference,CG,none,0,16,1,0.247252,1
OF,reference,CG,none,0,16,1,0.245557,1
OF,reference,CG,none,0,16,1,0.247836,1
OF,reference,CG,none,0,16,1,0.2434,1
OF,reference,CG,none,0,16,1,0.245664,1
OF,reference,CG,none,0,16,1,0.246543,1
OF,reference,CG,none,0,16,1,0.253075,1
OF,reference,CG,none,0,16,1,0.252106,1
OF,reference,CG,none,0,16,1,0.247292,1
OF,reference,CG,none,0,16,1,0.245978,1
OF,reference,CG,none,0,16,1,0.250092,1
OF,reference,CG,none,0,16,1,0.246027,1
OF,reference,CG,none,0,16,1,0.244218,1
OF,reference,CG,none,0,16,1,0.245707,1
OF,reference,CG,none,0,16,1,0.249299,1
OF,reference,CG,none,0,16,1,0.246977,1
OF,reference,CG,none,0,16,1,0.244783,1
OF,reference,CG,none,0,16,1,0.245228,1
OF,reference,CG,none,0,16,1,0.243889,1
OF,reference,CG,none,0,16,1,0.2472,1
OF,reference,CG,none,0,16,1,0.244374,1
OF,reference,CG,none,0,16,1,0.244911,1
OF,reference,CG,none,0,16,1,0.249279,1
OF,reference,CG,none,0,16,1,0.245704,1
OF,reference,CG,none,0,16,1,0.245031,1
OF,reference,CG,none,0,16,1,0.246846,1
OF,reference,CG,none,0,16,1,0.248306,1
OF,reference,CG,none,0,16,1,0.247069,1
OF,reference,CG,none,0,16,1,0.244395,1
OF,reference,CG,none,0,16,1,0.247913,1
OF,reference,CG,none,0,16,1,0.244583,1
OF,reference,CG,none,0,16,1,0.245453,1
OF,reference,CG,none,0,16,1,0.24681,1
OF,reference,CG,none,0,16,1,0.245273,1
OF,reference,CG,none,0,16,1,0.245741,1
OF,reference,CG,none,0,16,1,0.248475,1
OF,reference,CG,none,0,16,1,0.245299,1
OF,reference,CG,none,0,16,1,0.247208,1
OF,reference,CG,none,0,16,1,0.251233,1
OF,reference,CG,none,0,16,1,0.251378,1
OF,reference,CG,none,0,16,1,0.246258,1
OF,reference,CG,none,0,16,1,0.245066,1
OF,reference,CG,none,0,16,1,0.245644,1
OF,reference,CG,none,0,16,1,0.248502,1
OF,reference,CG,none,0,16,1,0.245566,1
OF,reference,CG,none,0,16,1,0.245656,1
OF,reference,CG,none,0,16,1,0.247297,1
OF,reference,CG,none,0,16,1,0.245683,1
OF,reference,CG,none,0,16,1,0.246062,1
OF,reference,CG,none,0,16,1,0.247544,1
OF,reference,CG,none,0,16,1,0.245617,1
OF,reference,CG,none,0,16,1,0.2493,1
OF,reference,CG,none,0,16,1,0.245102,1
OF,reference,CG,none,0,16,1,0.243421,1
OF,reference,CG,none,0,16,1,0.247791,1
OF,reference,CG,none,0,16,1,0.246341,1
OF,reference,CG,none,0,16,1,0.245132,1
OF,reference,CG,none,0,16,1,0.245953,1
OF,reference,CG,none,0,16,1,0.243549,1
OF,reference,CG,none,0,16,1,0.248693,1
OF,reference,CG,none,0,16,1,0.244843,1
OF,reference,CG,none,0,16,1,0.245747,1
OF,reference,CG,none,0,16,1,0.247014,1
OF,reference,CG,none,0,16,1,0.246364,1
OF,reference,CG,none,0,16,1,0.247354,1
OF,reference,CG,none,0,16,1,0.246354,1
OF,reference,CG,none,0,16,1,0.246718,1
OF,reference,CG,none,0,16,1,0.24683,1
OF,reference,CG,none,0,16,1,0.256545,1
OF,reference,CG,none,0,16,1,0.245252,1
OF,reference,CG,none,0,16,1,0.253178,1
OF,reference,CG,none,0,16,1,0.248292,1
OF,reference,CG,none,0,16,1,0.246843,1
OF,reference,CG,none,0,16,1,0.244348,1
OF,reference,CG,none,0,16,1,0.250785,1
OF,reference,CG,none,0,16,1,0.247679,1
OF,reference,CG,none,0,16,1,0.244463,1
OF,reference,CG,none,0,16,1,0.243889,1
OF,reference,CG,none,0,16,1,0.249466,1
OF,reference,CG,none,0,16,1,0.244596,1
OF,reference,CG,none,0,16,1,0.246673,1
OF,reference,CG,none,0,16,1,0.244776,1
OF,reference,CG,none,0,16,1,0.246211,1
OF,reference,CG,none,0,16,1,0.245243,1
OF,reference,CG,none,0,16,1,0.246795,1
OF,reference,CG,none,0,16,1,0.246492,1
OF,reference,CG,none,0,16,1,0.248561,1
OF,reference,CG,none,0,16,1,0.244242,1
OF,reference,CG,none,0,16,1,0.244647,1
OF,reference,CG,none,0,16,1,0.255194,1
OF,reference,CG,none,0,16,1,0.24629,1
OF,reference,CG,none,0,16,1,0.247759,1
OF,reference,CG,none,0,16,1,0.24433,1
OF,reference,CG,none,0,16,1,0.244516,1
OF,reference,CG,none,0,16,1,0.244688,1
OF,reference,CG,none,0,16,1,0.24467,1
OF,reference,CG,none,0,16,1,0.251561,1
OF,reference,CG,none,0,16,1,0.245199,1
OF,reference,CG,none,0,16,1,0.245545,1
OF,reference,CG,none,0,16,1,0.244194,1
OF,reference,CG,none,0,16,1,0.243844,1
OF,reference,CG,none,0,16,1,0.251002,1
OF,reference,CG,none,0,16,1,0.251739,1
OF,reference,CG,none,0,16,1,0.247278,1
OF,reference,CG,none,0,16,1,0.24584,1
OF,reference,CG,none,0,16,1,0.246605,1
OF,reference,CG,none,0,16,1,0.246909,1
OF,reference,CG,none,0,16,1,0.245526,1
OF,reference,CG,none,0,16,1,0.244888,1
OF,reference,CG,none,0,16,1,0.254403,1
OF,reference,CG,none,0,16,1,0.246241,1
OF,reference,CG,none,0,16,1,0.246547,1
OF,reference,CG,none,0,16,1,0.246137,1
OF,reference,CG,none,0,16,1,0.245873,1
OF,reference,CG,none,0,16,1,0.246185,1
OF,reference,CG,none,0,16,1,0.246141,1
OF,reference,CG,none,0,16,1,0.245714,1
OF,reference,CG,none,0,16,1,0.246144,1
OF,reference,CG,none,0,16,1,0.245274,1
OF,reference,CG,none,0,16,1,0.245527,1
OF,reference,CG,none,0,16,1,0.246918,1
OF,reference,CG,none,0,16,1,0.243247,1
OF,reference,CG,none,0,16,1,0.248982,1
OF,reference,CG,none,0,16,1,0.24785,1
OF,reference,CG,none,0,16,1,0.250571,1
OF,reference,CG,none,0,16,1,0.245296,1
OF,reference,CG,none,0,16,1,0.246874,1
OF,reference,CG,none,0,16,1,0.24822,1
OF,reference,CG,none,0,16,1,0.244368,1
OF,reference,CG,none,0,16,1,0.249122,1
OF,reference,CG,none,0,16,1,0.244643,1
OF,reference,CG,none,0,16,1,0.246764,1
OF,reference,CG,none,0,16,1,0.244882,1
OF,reference,CG,none,0,16,1,0.251955,1
OF,reference,CG,none,0,16,1,0.249533,1
OF,reference,CG,none,0,16,1,0.245238,1
OF,reference,CG,none,0,16,1,0.249419,1
OF,reference,CG,none,0,16,1,0.247836,1
OF,reference,CG,none,0,16,1,0.247159,1
OF,reference,CG,none,0,16,1,0.244716,1
OF,reference,CG,none,0,16,1,0.24911,1
OF,reference,CG,none,0,16,1,0.249026,1
OF,reference,CG,none,0,16,1,0.246047,1
OF,reference,CG,none,0,16,1,0.245964,1
OF,reference,CG,none,0,16,1,0.24797,1
OF,reference,CG,none,0,16,1,0.247507,1
OF,reference,CG,none,0,16,1,0.246042,1
OF,reference,CG,none,0,16,1,0.244903,1
OF,reference,CG,none,0,16,1,0.244441,1
OF,reference,CG,none,0,16,1,0.249738,1
OF,reference,CG,none,0,16,1,0.24659,1
OF,reference,CG,none,0,16,1,0.243053,1
OF,reference,CG,none,0,16,1,0.249327,1
OF,reference,CG,none,0,16,1,0.245879,1
OF,reference,CG,none,0,16,1,0.246362,1
OF,reference,CG,none,0,16,1,0.247395,1
OF,reference,CG,none,0,16,1,0.249859,1
OF,reference,CG,none,0,16,1,0.250925,1
OF,reference,CG,none,0,16,1,0.255343,1
OF,reference,CG,none,0,16,1,0.24689,1
OF,reference,CG,none,0,16,1,0.243062,1
OF,reference,CG,none,0,16,1,0.246136,1
OF,reference,CG,none,0,16,1,0.245724,1
OF,reference,CG,none,0,16,1,0.248738,1
OF,reference,CG,none,0,16,1,0.250258,1
OF,reference,CG,none,0,16,1,0.249122,1
OF,reference,CG,none,0,16,1,0.245871,1
OF,reference,CG,none,0,16,1,0.246576,1
OF,reference,CG,none,0,16,1,0.24872,1
OF,reference,CG,none,0,16,1,0.247477,1
OF,reference,CG,none,0,16,1,0.246136,1
OF,reference,CG,none,0,16,1,0.248346,1
OF,reference,CG,none,0,16,1,0.24803,1
OF,reference,CG,none,0,16,1,0.245676,1
OF,reference,CG,none,0,16,1,0.245616,1
OF,reference,CG,none,0,16,1,0.246488,1
OF,reference,CG,none,0,16,1,0.245226,1
OF,reference,CG,none,0,16,1,0.24582,1
OF,reference,CG,none,0,16,1,0.245569,1
OF,reference,CG,none,0,16,1,0.246051,1
OF,reference,CG,none,0,16,1,0.249359,1
OF,reference,CG,none,0,16,1,0.245152,1
OF,reference,CG,none,0,16,1,0.244597,1
OF,reference,CG,none,0,16,1,0.247635,1
OF,reference,CG,none,0,16,1,0.246096,1
OF,reference,CG,none,0,16,1,0.248434,1
OF,reference,CG,none,0,16,1,0.247707,1
OF,reference,CG,none,0,16,1,0.249385,1
OF,reference,CG,none,0,16,1,0.248581,1
OF,reference,CG,none,0,16,1,0.245955,1
OF,reference,CG,none,0,16,1,0.245235,1
OF,reference,CG,none,0,16,1,0.248278,1
OF,reference,CG,none,0,16,1,0.247515,1
OF,reference,CG,none,0,16,1,0.246215,1
OF,reference,CG,none,0,16,1,0.245425,1
OF,reference,CG,none,0,16,1,0.245659,1
OF,reference,CG,none,0,16,1,0.249092,1
OF,reference,CG,none,0,16,1,0.249818,1
OF,reference,CG,none,0,16,1,0.244697,1
OF,reference,CG,none,0,16,1,0.245736,1
OF,reference,CG,none,0,16,1,0.245605,1
OF,reference,BiCGStab,none,0,16,1,0.282458,1
OF,reference,BiCGStab,none,0,16,1,0.277669,1
OF,reference,BiCGStab,none,0,16,1,0.276327,1
OF,reference,BiCGStab,none,0,16,1,0.279708,1
OF,reference,BiCGStab,none,0,16,1,0.2761,1
OF,reference,BiCGStab,none,0,16,1,0.274865,1
OF,reference,BiCGStab,none,0,16,1,0.278159,1
OF,reference,BiCGStab,none,0,16,1,0.273329,1
OF,reference,BiCGStab,none,0,16,1,0.278399,1
OF,reference,BiCGStab,none,0,16,1,0.27451,1
OF,reference,BiCGStab,none,0,16,1,0.27474,1
OF,reference,BiCGStab,none,0,16,1,0.279295,1
OF,reference,BiCGStab,none,0,16,1,0.277962,1
OF,reference,BiCGStab,none,0,16,1,0.282712,1
OF,reference,BiCGStab,none,0,16,1,0.277525,1
OF,reference,BiCGStab,none,0,16,1,0.280114,1
OF,reference,BiCGStab,none,0,16,1,0.274956,1
OF,reference,BiCGStab,none,0,16,1,0.277299,1
OF,reference,BiCGStab,none,0,16,1,0.279092,1
OF,reference,BiCGStab,none,0,16,1,0.278444,1
OF,reference,BiCGStab,none,0,16,1,0.278576,1
OF,reference,BiCGStab,none,0,16,1,0.277821,1
OF,reference,BiCGStab,none,0,16,1,0.277026,1
OF,reference,BiCGStab,none,0,16,1,0.274898,1
OF,reference,BiCGStab,none,0,16,1,0.273985,1
OF,reference,BiCGStab,none,0,16,1,0.275884,1
OF,reference,BiCGStab,none,0,16,1,0.279895,1
OF,reference,BiCGStab,none,0,16,1,0.280815,1
OF,reference,BiCGStab,none,0,16,1,0.277079,1
OF,reference,BiCGStab,none,0,16,1,0.271321,1
OF,reference,BiCGStab,none,0,16,1,0.276878,1
OF,reference,BiCGStab,none,0,16,1,0.275476,1
OF,reference,BiCGStab,none,0,16,1,0.272496,1
OF,reference,BiCGStab,none,0,16,1,0.274206,1
OF,reference,BiCGStab,none,0,16,1,0.279352,1
OF,reference,BiCGStab,none,0,16,1,0.27607,1
OF,reference,BiCGStab,none,0,16,1,0.27335,1
OF,reference,BiCGStab,none,0,16,1,0.275183,1
OF,reference,BiCGStab,none,0,16,1,0.274276,1
OF,reference,BiCGStab,none,0,16,1,0.27526,1
OF,reference,BiCGStab,none,0,16,1,0.274167,1
OF,reference,BiCGStab,none,0,16,1,0.27319,1
OF,reference,BiCGStab,none,0,16,1,0.276911,1
OF,reference,BiCGStab,none,0,16,1,0.275237,1
OF,reference,BiCGStab,none,0,16,1,0.275897,1
OF,reference,BiCGStab,none,0,16,1,0.277897,1
OF,reference,BiCGStab,none,0,16,1,0.273596,1
OF,reference,BiCGStab,none,0,16,1,0.27603,1
OF,reference,BiCGStab,none,0,16,1,0.274991,1
OF,reference,BiCGStab,none,0,16,1,0.275009,1
OF,reference,BiCGStab,none,0,16,1,0.27508,1
OF,reference,BiCGStab,none,0,16,1,0.274371,1
OF,reference,BiCGStab,none,0,16,1,0.278572,1
OF,reference,BiCGStab,none,0,16,1,0.274195,1
OF,reference,BiCGStab,none,0,16,1,0.275383,1
OF,reference,BiCGStab,none,0,16,1,0.279461,1
OF,reference,BiCGStab,none,0,16,1,0.275004,1
OF,reference,BiCGStab,none,0,16,1,0.279402,1
OF,reference,BiCGStab,none,0,16,1,0.277141,1
OF,reference,BiCGStab,none,0,16,1,0.27988,1
OF,reference,BiCGStab,none,0,16,1,0.278665,1
OF,reference,BiCGStab,none,0,16,1,0.274982,1
OF,reference,BiCGStab,none,0,16,1,0.274413,1
OF,reference,BiCGStab,none,0,16,1,0.279785,1
OF,reference,BiCGStab,none,0,16,1,0.284538,1
OF,reference,BiCGStab,none,0,16,1,0.277985,1
OF,reference,BiCGStab,none,0,16,1,0.273918,1
OF,reference,BiCGStab,none,0,16,1,0.277511,1
OF,reference,BiCGStab,none,0,16,1,0.28238,1
OF,reference,BiCGStab,none,0,16,1,0.275809,1
OF,reference,BiCGStab,none,0,16,1,0.270978,1
OF,reference,BiCGStab,none,0,16,1,0.274722,1
OF,reference,BiCGStab,none,0,16,1,0.276856,1
OF,reference,BiCGStab,none,0,16,1,0.279749,1
OF,reference,BiCGStab,none,0,16,1,0.274836,1
OF,reference,BiCGStab,none,0,16,1,0.275593,1
OF,reference,BiCGStab,none,0,16,1,0.27412,1
OF,reference,BiCGStab,none,0,16,1,0.278284,1
OF,reference,BiCGStab,none,0,16,1,0.277279,1
OF,reference,BiCGStab,none,0,16,1,0.280464,1
OF,reference,BiCGStab,none,0,16,1,0.282297,1
OF,reference,BiCGStab,none,0,16,1,0.274886,1
OF,reference,BiCGStab,none,0,16,1,0.273756,1
OF,reference,BiCGStab,none,0,16,1,0.277228,1
OF,reference,BiCGStab,none,0,16,1,0.275063,1
OF,reference,BiCGStab,none,0,16,1,0.275359,1
OF,reference,BiCGStab,none,0,16,1,0.27449,1
OF,reference,BiCGStab,none,0,16,1,0.27686,1
OF,reference,BiCGStab,none,0,16,1,0.273579,1
OF,reference,BiCGStab,none,0,16,1,0.281748,1
OF,reference,BiCGStab,none,0,16,1,0.279595,1
OF,reference,BiCGStab,none,0,16,1,0.277887,1
OF,reference,BiCGStab,none,0,16,1,0.280098,1
OF,reference,BiCGStab,none,0,16,1,0.273802,1
OF,reference,BiCGStab,none,0,16,1,0.275809,1
OF,reference,BiCGStab,none,0,16,1,0.277112,1
OF,reference,BiCGStab,none,0,16,1,0.280796,1
OF,reference,BiCGStab,none,0,16,1,0.27415,1
OF,reference,BiCGStab,none,0,16,1,0.273927,1
OF,reference,BiCGStab,none,0,16,1,0.282905,1
OF,reference,BiCGStab,none,0,16,1,0.282507,1
OF,reference,BiCGStab,none,0,16,1,0.279297,1
OF,reference,BiCGStab,none,0,16,1,0.276167,1
OF,reference,BiCGStab,none,0,16,1,0.276108,1
OF,reference,BiCGStab,none,0,16,1,0.276903,1
OF,reference,BiCGStab,none,0,16,1,0.282661,1
OF,reference,BiCGStab,none,0,16,1,0.277191,1
OF,reference,BiCGStab,none,0,16,1,0.279236,1
OF,reference,BiCGStab,none,0,16,1,0.27398,1
OF,reference,BiCGStab,none,0,16,1,0.276261,1
OF,reference,BiCGStab,none,0,16,1,0.277364,1
OF,reference,BiCGStab,none,0,16,1,0.278787,1
OF,reference,BiCGStab,none,0,16,1,0.28224,1
OF,reference,BiCGStab,none,0,16,1,0.27605,1
OF,reference,BiCGStab,none,0,16,1,0.275552,1
OF,reference,BiCGStab,none,0,16,1,0.274137,1
OF,reference,BiCGStab,none,0,16,1,0.274353,1
OF,reference,BiCGStab,none,0,16,1,0.271734,1
OF,reference,BiCGStab,none,0,16,1,0.274602,1
OF,reference,BiCGStab,none,0,16,1,0.275752,1
OF,reference,BiCGStab,none,0,16,1,0.278122,1
OF,reference,BiCGStab,none,0,16,1,0.285107,1
OF,reference,BiCGStab,none,0,16,1,0.283977,1
OF,reference,BiCGStab,none,0,16,1,0.278794,1
OF,reference,BiCGStab,none,0,16,1,0.281792,1
OF,reference,BiCGStab,none,0,16,1,0.280646,1
OF,reference,BiCGStab,none,0,16,1,0.275359,1
OF,reference,BiCGStab,none,0,16,1,0.278526,1
OF,reference,BiCGStab,none,0,16,1,0.278789,1
OF,reference,BiCGStab,none,0,16,1,0.279898,1
OF,reference,BiCGStab,none,0,16,1,0.275548,1
OF,reference,BiCGStab,none,0,16,1,0.273685,1
OF,reference,BiCGStab,none,0,16,1,0.273307,1
OF,reference,BiCGStab,none,0,16,1,0.279624,1
OF,reference,BiCGStab,none,0,16,1,0.278645,1
OF,reference,BiCGStab,none,0,16,1,0.274998,1
OF,reference,BiCGStab,none,0,16,1,0.278434,1
OF,reference,BiCGStab,none,0,16,1,0.277612,1
OF,reference,BiCGStab,none,0,16,1,0.274704,1
OF,reference,BiCGStab,none,0,16,1,0.275323,1
OF,reference,BiCGStab,none,0,16,1,0.282214,1
OF,reference,BiCGStab,none,0,16,1,0.281773,1
OF,reference,BiCGStab,none,0,16,1,0.274515,1
OF,reference,BiCGStab,none,0,16,1,0.274419,1
OF,reference,BiCGStab,none,0,16,1,0.275285,1
OF,reference,BiCGStab,none,0,16,1,0.2753,1
OF,reference,BiCGStab,none,0,16,1,0.277194,1
OF,reference,BiCGStab,none,0,16,1,0.275025,1
OF,reference,BiCGStab,none,0,16,1,0.279184,1
OF,reference,BiCGStab,none,0,16,1,0.275159,1
OF,reference,BiCGStab,none,0,16,1,0.284155,1
OF,reference,BiCGStab,none,0,16,1,0.281901,1
OF,reference,BiCGStab,none,0,16,1,0.283225,1
OF,reference,BiCGStab,none,0,16,1,0.278759,1
OF,reference,BiCGStab,none,0,16,1,0.277123,1
OF,reference,BiCGStab,none,0,16,1,0.276133,1
OF,reference,BiCGStab,none,0,16,1,0.278801,1
OF,reference,BiCGStab,none,0,16,1,0.28146,1
OF,reference,BiCGStab,none,0,16,1,0.274919,1
OF,reference,BiCGStab,none,0,16,1,0.276774,1
OF,reference,BiCGStab,none,0,16,1,0.280896,1
OF,reference,BiCGStab,none,0,16,1,0.276758,1
OF,reference,BiCGStab,none,0,16,1,0.278378,1
OF,reference,BiCGStab,none,0,16,1,0.277091,1
OF,reference,BiCGStab,none,0,16,1,0.278129,1
OF,reference,BiCGStab,none,0,16,1,0.282308,1
OF,reference,BiCGStab,none,0,16,1,0.27907,1
OF,reference,BiCGStab,none,0,16,1,0.277977,1
OF,reference,BiCGStab,none,0,16,1,0.278809,1
OF,reference,BiCGStab,none,0,16,1,0.277359,1
OF,reference,BiCGStab,none,0,16,1,0.27735,1
OF,reference,BiCGStab,none,0,16,1,0.272504,1
OF,reference,BiCGStab,none,0,16,1,0.281155,1
OF,reference,BiCGStab,none,0,16,1,0.283248,1
OF,reference,BiCGStab,none,0,16,1,0.275662,1
OF,reference,BiCGStab,none,0,16,1,0.273816,1
OF,reference,BiCGStab,none,0,16,1,0.274043,1
OF,reference,BiCGStab,none,0,16,1,0.272511,1
OF,reference,BiCGStab,none,0,16,1,0.275264,1
OF,reference,BiCGStab,none,0,16,1,0.274741,1
OF,reference,BiCGStab,none,0,16,1,0.276949,1
OF,reference,BiCGStab,none,0,16,1,0.276617,1
OF,reference,BiCGStab,none,0,16,1,0.279494,1
OF,reference,BiCGStab,none,0,16,1,0.278274,1
OF,reference,BiCGStab,none,0,16,1,0.279577,1
OF,reference,BiCGStab,none,0,16,1,0.278608,1
OF,reference,BiCGStab,none,0,16,1,0.2753,1
OF,reference,BiCGStab,none,0,16,1,0.277134,1
OF,reference,BiCGStab,none,0,16,1,0.279414,1
OF,reference,BiCGStab,none,0,16,1,0.280381,1
OF,reference,BiCGStab,none,0,16,1,0.274825,1
OF,reference,BiCGStab,none,0,16,1,0.276555,1
OF,reference,BiCGStab,none,0,16,1,0.279555,1
OF,reference,BiCGStab,none,0,16,1,0.28107,1
OF,reference,BiCGStab,none,0,16,1,0.275883,1
OF,reference,BiCGStab,none,0,16,1,0.275269,1
OF,reference,BiCGStab,none,0,16,1,0.275747,1
OF,reference,BiCGStab,none,0,16,1,0.282265,1
OF,reference,BiCGStab,none,0,16,1,0.281025,1
OF,reference,BiCGStab,none,0,16,1,0.282943,1
OF,reference,BiCGStab,none,0,16,1,0.280297,1
OF,reference,BiCGStab,none,0,16,1,0.276524,1
OF,reference,BiCGStab,none,0,16,1,0.277021,1
OF,reference,BiCGStab,none,0,16,1,0.27785,1
OF,reference,BiCGStab,none,0,16,1,0.27904,1
OF,reference,BiCGStab,none,0,16,1,0.281425,1
OF,reference,BiCGStab,none,0,16,1,0.277706,1
OF,reference,BiCGStab,none,0,16,1,0.275842,1
OF,reference,BiCGStab,none,0,16,1,0.275125,1
OF,reference,BiCGStab,none,0,16,1,0.273852,1
OF,reference,BiCGStab,none,0,16,1,0.27673,1
OF,reference,BiCGStab,none,0,16,1,0.275291,1
OF,reference,BiCGStab,none,0,16,1,0.27822,1
OF,reference,BiCGStab,none,0,16,1,0.275497,1
OF,reference,BiCGStab,none,0,16,1,0.279625,1
OF,reference,BiCGStab,none,0,16,1,0.278905,1
OF,reference,BiCGStab,none,0,16,1,0.279614,1
OF,reference,CG,none,0,32,1,2.156238,1
OF,reference,CG,none,0,32,1,2.13409,1
OF,reference,CG,none,0,32,1,2.139377,1
OF,reference,CG,none,0,32,1,2.164828,1
OF,reference,CG,none,0,32,1,2.134795,1
OF,reference,CG,none,0,32,1,2.144556,1
OF,reference,CG,none,0,32,1,2.271889,1
OF,reference,CG,none,0,32,1,2.165779,1
OF,reference,CG,none,0,32,1,2.134602,1
OF,reference,CG,none,0,32,1,2.13751,1
OF,reference,CG,none,0,32,1,2.138665,1
OF,reference,CG,none,0,32,1,2.142162,1
OF,reference,CG,none,0,32,1,2.137577,1
OF,reference,CG,none,0,32,1,2.142158,1
OF,reference,CG,none,0,32,1,2.160227,1
OF,reference,CG,none,0,32,1,2.129172,1
OF,reference,CG,none,0,32,1,2.136974,1
OF,reference,CG,none,0,32,1,2.151681,1
OF,reference,CG,none,0,32,1,2.137042,1
OF,reference,CG,none,0,32,1,2.128486,1
OF,reference,CG,none,0,32,1,2.13371,1
OF,reference,CG,none,0,32,1,2.134378,1
OF,reference,CG,none,0,32,1,2.131693,1
OF,reference,CG,none,0,32,1,2.132836,1
OF,reference,CG,none,0,32,1,2.143381,1
OF,reference,CG,none,0,32,1,2.139352,1
OF,reference,CG,none,0,32,1,2.135535,1
OF,reference,CG,none,0,32,1,2.13472,1
OF,reference,BiCGStab,none,0,32,1,2.777625,1
OF,reference,BiCGStab,none,0,32,1,2.724685,1
OF,reference,BiCGStab,none,0,32,1,2.731871,1
OF,reference,BiCGStab,none,0,32,1,2.744416,1
OF,reference,BiCGStab,none,0,32,1,2.721841,1
OF,reference,BiCGStab,none,0,32,1,2.720547,1
OF,reference,BiCGStab,none,0,32,1,2.744382,1
OF,reference,BiCGStab,none,0,32,1,2.757892,1
OF,reference,BiCGStab,none,0,32,1,2.740501,1
OF,reference,BiCGStab,none,0,32,1,2.728332,1
OF,reference,BiCGStab,none,0,32,1,2.726246,1
OF,reference,BiCGStab,none,0,32,1,2.74026,1
OF,reference,BiCGStab,none,0,32,1,2.725219,1
OF,reference,BiCGStab,none,0,32,1,2.727316,1
OF,reference,BiCGStab,none,0,32,1,2.768652,1
OF,reference,BiCGStab,none,0,32,1,2.724717,1
OF,reference,BiCGStab,none,0,32,1,2.723645,1
OF,reference,BiCGStab,none,0,32,1,2.740978,1
OF,reference,BiCGStab,none,0,32,1,2.727114,1
OF,reference,BiCGStab,none,0,32,1,2.724503,1
OF,reference,BiCGStab,none,0,32,1,2.734947,1
OF,reference,BiCGStab,none,0,32,1,2.765295,1
OF,reference,CG,none,0,64,1,35.935283,1
OF,reference,CG,none,0,64,1,35.756088,1
OF,reference,CG,none,0,64,1,35.757777,1
OF,reference,CG,none,0,64,1,35.771271,1
OF,reference,CG,none,0,64,1,35.808796,1
OF,reference,BiCGStab,none,0,64,1,47.149864,1
OF,reference,BiCGStab,none,0,64,1,47.037718,1
OF,reference,BiCGStab,none,0,64,1,46.875001,1
OF,reference,BiCGStab,none,0,64,1,47.009166,1
OF,reference,BiCGStab,none,0,64,1,46.957379,1
